0,-30,0,58,1,-1,-1,-27,0,-28,0,0,1,2,0
0,-30,0,58,1,-1,-1,-27,0,-28,0,0,1,2,0
0,-30,0,59,0,-1,-1,-27,0,-28,0,0,1,2,0
0,-30,0,59,0,-1,-1,-27,0,-28,0,0,1,2,0
0,-30,0,59,0,-1,-1,-27,0,-28,0,0,1,2,0
0,-30,0,59,0,-1,0,-27,0,-28,0,0,1,2,0
0,-30,0,59,0,-1,-1,-27,0,-28,0,0,1,2,0
0,-30,0,58,0,-1,-1,-27,0,-28,0,0,1,2,0
0,-30,-1,58,0,-1,-1,-27,0,-28,0,0,1,2,0
0,-30,0,58,0,-1,0,-27,0,-28,0,0,1,2,0
0,-30,0,57,0,-1,-1,-27,0,-28,0,0,1,2,0
0,-30,1,58,0,-1,-1,-27,0,-28,0,0,1,2,0
0,-30,1,58,0,-1,-1,-27,0,-28,0,0,1,2,0
0,-30,-1,58,-1,-1,-1,-27,0,-28,0,0,1,2,0
0,-30,-1,58,-1,0,-1,-27,0,-28,0,0,1,2,0
0,-29,-1,58,-1,0,0,-26,0,-28,0,0,1,2,0
0,-29,0,59,-1,-1,0,-26,0,-28,0,0,1,2,0
0,-30,1,59,-1,-1,0,-27,0,-28,0,0,1,2,0
0,-29,2,59,-1,-1,-1,-26,0,-28,-1,0,0,2,0
0,-30,1,58,-1,-1,-1,-27,0,-28,0,0,0,2,0
0,-31,0,58,-2,-1,-1,-28,0,-28,0,0,0,2,0
0,-31,-1,58,-2,-1,0,-28,0,-28,0,0,1,2,0
0,-31,-1,58,-1,-1,0,-28,0,-28,0,0,1,2,0
0,-31,0,58,-2,0,0,-28,0,-28,0,0,1,2,0
0,-30,1,58,-2,-1,0,-27,0,-28,0,0,0,2,0
0,-30,1,58,-2,-1,-1,-27,0,-28,0,0,0,2,0
0,-30,1,58,-2,-1,-1,-27,0,-28,0,0,0,2,0
0,-30,0,58,-2,-1,-1,-27,0,-28,0,0,0,2,0
0,-30,-1,58,-2,-1,-1,-27,0,-28,0,0,1,2,0
0,-31,-1,58,-2,-1,0,-28,0,-28,0,0,1,2,0
0,-31,0,58,-2,-1,0,-28,0,-28,0,0,1,2,0
0,-31,1,58,-2,-1,0,-28,0,-28,0,0,1,2,0
0,-32,0,58,-2,-1,0,-29,-1,-28,0,0,1,2,0
0,-32,0,58,-2,-1,0,-29,-1,-28,0,0,1,2,0
0,-32,0,58,-2,-1,0,-29,-1,-28,0,0,1,2,0
0,-32,0,58,-2,-1,-1,-29,-1,-29,0,0,1,2,0
0,-32,0,58,-2,-1,-1,-29,-1,-29,0,1,1,2,0
0,-32,0,58,-2,-1,-1,-29,-1,-29,0,1,1,2,0
0,-31,0,58,-2,-1,0,-28,-1,-29,0,1,1,2,0
0,-31,0,58,-1,-1,0,-28,-1,-29,0,1,1,2,0
0,-31,0,58,-2,-1,0,-28,-1,-29,0,1,1,2,0
0,-31,0,57,-2,-1,-1,-28,-1,-29,0,1,1,2,0
0,-31,0,57,-2,-1,0,-28,-1,-29,0,1,1,2,0
0,-32,0,58,-1,-1,0,-29,-1,-29,0,1,1,2,0
0,-32,1,57,-1,-1,-1,-29,-1,-29,-1,1,0,2,0
0,-32,-1,57,-2,-1,0,-29,-1,-29,1,1,1,2,0
0,-33,1,58,-1,-1,0,-29,-1,-29,0,1,1,2,0
0,-33,-1,56,-1,0,-1,-30,-1,-29,1,1,1,2,0
0,-32,-1,58,-1,-1,-1,-29,-1,-29,0,1,1,2,0
0,-33,2,58,-1,-1,0,-29,-1,-29,-1,1,0,2,0
0,-32,-1,57,-1,0,-1,-29,-1,-29,1,1,0,2,0
0,-32,1,58,-1,-1,-1,-29,-2,-29,0,1,0,2,0
0,-30,1,59,-1,-1,-1,-27,-2,-29,0,1,0,2,0
0,-31,-2,57,-1,-1,-1,-28,-2,-29,2,1,1,2,0
0,-32,0,57,-1,-1,-1,-29,-2,-29,0,1,1,2,0
0,-32,1,58,-1,-1,0,-29,-2,-29,0,1,1,2,0
0,-32,-2,57,-1,-1,0,-29,-2,-29,2,1,1,2,0
0,-32,-1,57,-1,-1,0,-29,-2,-29,1,1,1,2,0
0,-32,0,58,-1,-1,0,-29,-2,-29,0,1,1,2,0
0,-32,0,55,-1,-1,-1,-30,-2,-29,0,1,1,2,0
0,-33,0,58,-1,-1,-1,-29,-2,-29,0,1,1,2,0
0,-32,0,58,-1,-1,-1,-29,-2,-29,0,1,1,2,0
0,-33,-1,60,-1,-1,-1,-29,-2,-29,0,1,1,2,0
0,-31,-1,56,-1,-1,0,-29,-2,-29,1,1,1,2,0
0,-31,0,58,-1,0,0,-28,-2,-29,0,1,1,2,0
0,-34,3,58,-1,-1,-1,-30,-2,-29,-2,1,1,2,0
0,-32,2,59,-1,-1,-1,-28,-2,-29,-1,1,0,2,0
0,-29,0,56,-1,-1,-1,-27,-2,-29,0,1,1,2,0
0,-32,-2,57,-1,-1,-1,-29,-2,-29,2,1,1,2,0
0,-33,-1,58,-1,-1,0,-29,-2,-29,0,1,1,2,0
0,-32,-1,58,-1,0,0,-29,-2,-29,0,1,1,2,0
0,-31,2,59,0,-1,0,-27,-2,-29,-1,1,1,2,0
0,-32,2,55,0,-1,-1,-30,-2,-29,-2,1,0,2,0
0,-33,2,55,-1,-1,-1,-31,-2,-29,-2,2,0,2,0
0,-33,-1,60,-1,-1,-1,-29,-2,-29,0,2,0,2,0
0,-33,-2,58,0,0,0,-29,-2,-29,1,2,0,2,0
0,-32,-2,55,0,0,0,-30,-2,-29,2,2,1,2,0
0,-33,0,60,0,-1,0,-29,-2,-29,0,2,1,2,0
0,-34,3,57,0,-1,-1,-31,-2,-29,-3,2,0,2,0
0,-31,3,58,0,-1,-1,-28,-2,-29,-2,2,0,2,0
0,-31,1,58,0,-1,-1,-28,-2,-29,0,2,0,2,0
0,-32,-2,57,0,-1,-1,-29,-2,-29,2,2,0,2,0
0,-31,-2,55,0,0,-1,-29,-2,-29,2,2,0,2,0
0,-34,0,57,0,-1,0,-31,-2,-29,0,2,0,2,0
0,-32,0,56,0,-1,0,-29,-2,-29,0,2,0,2,0
0,-33,2,56,0,-1,-1,-30,-2,-29,-2,2,0,2,0
0,-34,4,57,1,-1,-1,-31,-2,-29,-4,2,0,2,0
0,-33,-1,56,0,-1,0,-30,-2,-29,1,2,0,2,0
0,-33,-2,58,0,-1,-1,-29,-2,-29,1,2,0,2,0
0,-34,-1,59,0,-1,-1,-30,-2,-29,0,2,0,2,0
0,-34,0,57,0,-1,-1,-31,-2,-29,0,2,0,2,0
0,-31,0,60,1,-1,-1,-27,-2,-29,0,2,0,2,0
0,-32,1,59,1,-1,-1,-28,-2,-29,0,2,0,2,0
0,-33,1,61,1,-1,-1,-28,-2,-29,0,2,0,2,0
0,-30,-1,58,1,-1,-1,-27,-2,-29,0,2,0,2,0
0,-33,0,57,1,-1,-1,-30,-2,-29,0,2,1,2,0
0,-31,0,57,1,-1,-1,-28,-2,-29,0,2,1,2,0
0,-30,0,58,1,-1,-1,-27,-2,-29,0,2,1,2,0
0,-34,0,57,1,0,-1,-31,-2,-29,0,2,0,2,0
0,-33,0,58,1,-1,-1,-29,-2,-29,0,2,0,2,0
0,-31,0,57,1,-1,-1,-28,-2,-29,0,2,1,2,0
0,-31,0,60,1,-1,-1,-27,-2,-29,0,2,1,2,0
0,-31,0,60,1,-1,-1,-27,-2,-29,0,2,1,2,0
0,-33,1,59,1,-1,-1,-29,-2,-29,0,2,0,2,0
0,-32,0,58,1,-1,-1,-29,-2,-29,0,2,1,2,0
0,-32,0,56,1,-1,-1,-29,-1,-28,0,2,1,2,0
0,-32,1,56,1,-1,-1,-29,-1,-28,-1,2,0,2,0
0,-30,-1,55,1,-1,-1,-28,-1,-28,1,2,1,2,0
0,-31,0,59,1,-1,-1,-27,-1,-28,0,2,1,2,0
0,-32,0,58,1,-1,-1,-29,-1,-28,0,2,1,2,0
0,-31,0,57,0,-1,0,-28,-1,-28,0,3,1,2,0
0,-30,2,58,0,-1,-1,-27,-1,-28,-1,3,0,2,0
0,-31,-1,59,0,-1,-1,-27,-1,-28,0,3,1,2,0
0,-33,0,58,0,-1,-1,-29,-1,-28,0,3,1,2,0
0,-29,1,59,0,-1,-1,-26,-1,-28,0,3,0,2,0
0,-30,1,59,0,-1,-1,-27,-1,-28,0,3,0,2,0
0,-29,0,57,0,-1,-1,-27,-1,-28,0,3,0,2,0
0,-30,-3,56,0,-1,-1,-28,-1,-28,3,3,1,2,0
0,-31,2,56,0,-1,0,-29,-1,-28,-2,3,1,2,0
0,-32,1,60,0,-1,-1,-28,-1,-28,0,3,1,2,0
0,-29,-1,59,0,-1,-1,-26,-1,-28,0,3,1,2,0
0,-31,0,60,0,-1,-1,-27,-1,-28,0,3,1,2,0
0,-31,2,60,0,-1,-1,-27,-1,-28,-1,3,0,2,0
0,-31,1,57,0,-1,-1,-28,-1,-28,-1,3,0,2,0
0,-30,-1,60,0,-1,0,-26,-1,-28,0,3,1,2,0
0,-29,-1,58,-1,-1,-1,-26,-1,-28,0,3,1,2,0
0,-30,2,56,-1,-1,-1,-28,-1,-28,-2,3,0,2,0
0,-31,2,60,-1,-1,-1,-27,-1,-28,-1,3,0,2,0
0,-29,-1,62,-1,-1,0,-25,-1,-28,0,3,0,2,0
0,-31,0,58,-1,-1,0,-28,-1,-28,0,3,0,2,0
0,-31,-1,59,-1,-1,0,-27,-2,-28,0,3,1,2,0
0,-27,2,62,-1,-1,-1,-23,-2,-28,-1,3,0,2,0
0,-32,0,61,-1,0,-1,-27,-2,-28,0,3,0,2,0
0,-34,0,61,-1,-1,-1,-29,-2,-28,0,3,0,2,0
0,-32,2,57,-1,-1,-1,-29,-2,-28,-2,3,0,2,0
0,-30,-4,57,-2,-1,0,-27,-2,-28,4,3,1,2,0
0,-31,-1,58,-1,0,-1,-28,-2,-28,0,3,1,2,0
0,-32,4,55,-1,-1,-1,-30,-2,-28,-4,3,0,2,0
0,-32,1,55,-2,-1,0,-30,-2,-28,-1,3,0,2,0
0,-31,-3,55,-2,-1,0,-29,-2,-28,3,3,0,2,0
0,-32,0,56,-1,0,-1,-29,-2,-28,0,3,0,2,0
0,-31,3,56,-2,-1,0,-29,-2,-28,-3,3,0,2,0
0,-30,0,57,-2,0,-1,-27,-2,-28,0,3,0,2,0
0,-31,4,53,-1,-1,-1,-30,-2,-29,-4,3,0,2,0
0,-34,2,61,-1,-1,-1,-29,-2,-29,-1,3,0,2,0
0,-31,-1,60,-2,-1,0,-27,-2,-29,0,3,0,2,0
0,-32,0,57,-2,0,-1,-29,-2,-29,0,3,0,2,0
0,-30,1,52,-1,-1,-1,-30,-2,-29,-1,3,0,2,0
0,-30,1,58,-2,-1,0,-27,-2,-29,0,3,0,2,0
0,-34,-3,62,-2,0,0,-28,-2,-29,2,3,0,2,0
0,-33,4,56,-1,-1,-1,-30,-2,-29,-4,4,0,2,0
0,-30,3,55,-2,-1,0,-28,-3,-29,-3,4,0,2,0
0,-30,-4,54,-2,-1,0,-29,-3,-29,4,4,0,2,0
0,-32,1,55,-1,-1,-1,-30,-3,-29,-1,4,0,2,0
0,-32,3,59,-2,-1,0,-28,-3,-29,-2,4,0,2,0
0,-30,-2,62,-2,0,0,-26,-3,-29,1,4,0,2,0
0,-33,0,58,-1,0,-1,-29,-3,-29,0,4,0,2,0
0,-31,-1,56,-2,-1,0,-29,-3,-29,1,4,0,2,0
0,-31,0,58,-2,-1,0,-28,-3,-29,0,4,0,2,0
0,-34,-4,61,-2,0,-1,-29,-3,-29,3,4,0,2,0
0,-33,1,57,-2,-1,-1,-30,-3,-29,-1,4,0,2,0
0,-30,1,58,-2,-1,0,-27,-3,-29,0,4,0,2,0
0,-34,-3,59,-2,-1,0,-30,-3,-29,2,4,0,2,0
0,-35,0,62,-2,-1,-1,-29,-3,-29,0,4,0,2,0
0,-32,2,58,-2,-1,0,-29,-3,-30,-1,4,0,3,0
0,-33,-2,56,-2,-1,0,-30,-3,-30,2,4,0,3,0
0,-32,1,56,-1,-1,-1,-29,-3,-30,-1,4,0,3,0
0,-32,2,55,-2,-1,0,-30,-4,-30,-2,4,0,3,0
0,-33,0,58,-2,-1,0,-29,-4,-30,0,4,0,3,0
0,-33,-2,58,-2,-1,-1,-29,-4,-30,1,4,0,3,0
0,-34,1,57,-2,-1,0,-31,-4,-30,-1,4,0,3,0
0,-32,0,58,-2,-1,0,-29,-4,-30,0,4,0,3,0
0,-33,0,58,-2,0,-1,-29,-4,-30,0,4,0,3,0
0,-34,1,59,-2,-1,0,-30,-4,-30,0,4,0,3,0
0,-32,-3,58,-2,-1,0,-29,-4,-30,2,4,0,3,0
0,-36,-1,60,-1,0,-1,-31,-4,-30,0,4,0,3,0
0,-33,1,57,-2,-1,0,-30,-4,-30,-1,4,0,3,0
0,-33,1,61,-1,-1,0,-28,-4,-30,0,4,0,3,0
0,-32,1,54,-1,-1,-1,-30,-4,-30,-1,4,0,3,0
0,-33,2,58,-2,-1,0,-29,-4,-30,-1,4,0,3,0
0,-34,-1,58,-1,-1,0,-30,-4,-30,0,4,0,3,0
0,-32,-1,52,-1,-1,-1,-31,-4,-30,1,4,0,3,0
0,-33,1,56,-1,-1,-1,-30,-4,-30,-1,4,0,3,0
0,-34,1,57,-1,-1,0,-31,-4,-30,-1,4,0,3,0
0,-33,-2,61,-1,0,-1,-28,-4,-30,1,4,0,3,0
0,-34,3,61,-1,-1,-1,-29,-4,-30,-2,4,0,3,0
0,-35,3,57,-1,-1,0,-31,-4,-30,-3,4,0,3,0
0,-33,-1,58,-1,0,-1,-29,-5,-30,0,4,0,3,0
0,-33,1,55,-1,-1,-1,-31,-5,-30,-1,4,0,3,0
0,-36,2,60,-1,-1,0,-31,-5,-30,-1,4,0,3,0
0,-32,-1,54,-1,0,-1,-30,-5,-30,1,4,0,3,0
0,-32,0,61,-1,-1,-1,-27,-5,-30,0,5,0,3,0
0,-35,3,57,-1,-1,0,-31,-5,-30,-3,5,0,3,0
0,-32,-3,58,-1,0,-1,-29,-5,-30,2,5,0,3,0
0,-35,0,58,-1,-1,-1,-31,-5,-30,0,5,0,3,0
0,-33,2,54,0,-1,0,-31,-5,-30,-2,5,0,3,0
0,-33,-1,55,0,-1,-1,-31,-5,-30,1,5,0,3,0
0,-32,-2,54,0,-1,-1,-30,-5,-30,2,5,0,3,0
0,-35,3,54,0,-1,0,-33,-5,-31,-3,5,0,3,0
0,-34,-2,53,0,0,-1,-32,-5,-31,2,5,0,3,0
0,-35,-1,54,0,-1,-1,-33,-5,-31,1,5,0,3,0
0,-33,-1,60,0,-1,0,-29,-5,-31,0,5,0,3,0
0,-34,-1,58,0,0,-1,-30,-5,-31,0,5,0,3,0
0,-35,1,58,0,-1,-1,-31,-5,-31,0,5,0,3,0
0,-33,1,54,0,-1,-1,-31,-5,-31,-1,5,0,3,0
0,-32,-3,55,0,-1,0,-30,-5,-31,3,5,0,3,0
0,-36,3,62,0,-1,-1,-30,-5,-30,-2,5,0,3,0
0,-32,-1,54,0,-1,0,-30,-5,-30,1,5,0,3,0
0,-33,-3,60,0,-1,-1,-29,-5,-30,2,5,0,3,0
0,-35,2,53,0,-1,-1,-33,-5,-30,-2,5,0,3,0
0,-32,3,59,0,-1,-1,-28,-5,-30,-2,5,0,3,0
0,-31,-3,55,0,0,-1,-29,-5,-30,3,5,0,3,0
0,-34,1,64,0,-1,-1,-28,-5,-30,0,5,0,3,0
0,-34,2,56,0,-1,0,-31,-5,-30,-2,5,0,3,0
0,-34,-4,60,0,-1,0,-29,-5,-30,3,5,0,3,0
0,-36,2,57,0,-1,-1,-32,-5,-30,-2,5,0,3,0
0,-33,3,56,0,-1,-1,-30,-5,-30,-3,5,0,3,0
0,-31,-2,54,0,-1,-1,-30,-5,-30,2,5,0,3,0
0,-34,1,64,0,-1,-1,-28,-5,-30,0,5,0,3,0
0,-34,3,55,0,-1,-1,-31,-5,-30,-3,5,0,3,0
0,-31,-4,62,0,0,0,-26,-5,-30,3,5,0,3,0
0,-35,1,57,0,-1,-1,-31,-5,-30,-1,5,0,3,0
0,-31,2,55,0,-1,0,-29,-5,-30,-2,5,0,3,0
0,-30,-1,53,0,-1,0,-29,-5,-30,1,5,0,3,0
0,-33,-2,62,0,-1,-1,-28,-5,-30,1,5,0,3,0
0,-34,5,55,0,-1,0,-31,-5,-30,-5,5,0,3,0
0,-31,-2,61,0,0,0,-27,-5,-30,1,5,0,3,0
0,-35,-1,55,0,-1,-1,-32,-5,-30,1,5,0,3,0
0,-32,4,54,0,-1,-1,-30,-5,-30,-4,5,0,3,0
0,-35,0,63,-1,-1,-1,-29,-5,-30,0,5,0,3,0
0,-32,4,52,0,-1,-1,-31,-5,-30,-4,6,0,3,0
0,-33,-2,59,-1,-1,0,-29,-5,-30,1,6,0,3,0
0,-33,-2,53,-1,-1,-1,-32,-5,-30,2,6,0,3,0
0,-32,4,59,0,-1,-1,-28,-5,-30,-3,6,0,3,0
0,-33,-1,59,-1,-1,0,-29,-5,-30,0,6,0,3,0
0,-35,-1,58,-1,-1,0,-31,-5,-30,0,6,0,3,0
0,-30,1,55,0,-1,-1,-28,-5,-30,-1,6,0,3,0
0,-33,1,57,0,-1,0,-30,-5,-30,-1,6,0,3,0
0,-35,-2,60,-1,-1,0,-30,-5,-30,1,6,0,3,0
0,-36,2,55,-1,-1,-1,-33,-5,-30,-2,6,0,3,0
0,-33,-1,56,-1,-1,0,-30,-5,-30,1,6,0,3,0
0,-34,-2,55,-1,-1,0,-31,-5,-30,2,6,0,3,0
0,-33,2,61,0,0,-1,-28,-5,-30,-1,6,0,3,0
0,-32,1,57,-1,-1,0,-29,-5,-30,-1,6,0,3,0
0,-34,0,57,-1,-1,-1,-31,-5,-30,0,6,0,3,0
0,-28,0,55,-1,-1,-1,-27,-5,-30,0,6,0,3,0
0,-34,4,54,-1,-1,0,-32,-5,-30,-4,6,0,3,0
0,-34,-1,63,-1,0,0,-28,-5,-30,0,6,0,3,0
0,-32,-1,51,0,-1,-1,-32,-5,-30,1,6,0,3,0
0,-35,3,57,-1,-1,0,-31,-5,-30,-3,6,0,3,0
0,-32,-3,58,-1,-1,-1,-29,-5,-30,2,6,0,3,0
0,-33,0,56,-1,-1,-1,-30,-5,-30,0,6,0,3,0
0,-35,1,56,-1,-1,0,-32,-5,-30,-1,6,0,3,0
0,-31,-1,54,-1,0,-1,-30,-5,-30,1,6,0,3,0
0,-34,-1,63,-1,-1,-1,-28,-5,-30,0,6,0,3,0
0,-31,1,52,-1,-1,0,-31,-5,-30,-1,6,0,3,0
0,-35,2,56,-1,0,-1,-32,-5,-30,-2,6,0,3,0
0,-34,-2,59,-1,-1,-1,-30,-5,-30,1,6,0,3,0
0,-34,-1,59,0,-1,0,-30,-5,-30,0,6,0,3,0
0,-30,-2,53,-1,-1,0,-29,-5,-30,2,6,0,3,0
0,-35,1,60,-1,-1,-1,-30,-5,-30,0,6,0,3,0
0,-33,0,59,-1,-1,0,-29,-5,-30,0,6,0,3,0
0,-32,-3,57,-1,0,-1,-29,-6,-30,3,6,0,3,0
0,-33,3,57,-1,-1,-1,-30,-6,-30,-3,6,0,3,0
0,-31,0,56,0,-1,0,-29,-6,-30,0,6,0,3,0
0,-34,-3,61,0,0,-1,-29,-6,-30,2,6,0,3,0
0,-34,2,56,-1,-1,-1,-31,-6,-30,-2,6,0,3,0
0,-32,1,53,-1,-1,0,-31,-6,-30,-1,6,0,3,0
0,-30,-3,61,0,0,-1,-26,-6,-30,2,6,0,3,0
0,-35,3,57,0,-1,-1,-31,-6,-30,-3,6,0,3,0
0,-34,0,56,0,-1,0,-31,-6,-30,0,6,0,3,0
0,-32,-2,55,-1,-1,-1,-30,-6,-30,2,7,0,3,0
0,-34,3,58,0,-1,-1,-30,-6,-30,-2,7,0,3,0
0,-33,-3,53,0,-1,0,-32,-6,-30,3,7,0,3,0
0,-30,-3,54,-1,0,-1,-29,-6,-30,3,7,1,3,0
0,-36,2,63,0,-1,-1,-29,-6,-30,-1,7,0,3,0
0,-33,-1,54,0,-1,0,-31,-6,-30,1,7,1,3,0
0,-30,-2,52,0,0,-1,-30,-6,-30,2,7,1,3,0
0,-35,3,62,0,-1,-1,-29,-6,-30,-2,7,0,3,0
0,-32,1,57,-1,-1,0,-29,-6,-30,-1,7,0,3,0
0,-31,-3,58,0,-1,-1,-28,-6,-30,2,7,1,3,0
0,-36,3,58,0,-1,-1,-32,-6,-30,-2,7,0,3,0
0,-32,2,61,-1,-1,0,-27,-6,-30,-1,7,0,3,0
0,-34,-3,56,-1,-1,-1,-31,-6,-30,3,7,1,3,0
0,-34,2,57,0,-1,-1,-31,-6,-30,-2,7,0,3,0
0,-34,1,56,-1,0,0,-31,-6,-30,-1,7,0,3,0
0,-32,-2,56,-1,-1,-1,-29,-6,-30,2,7,0,3,0
0,-33,1,54,0,-1,0,-31,-6,-30,-1,7,0,3,0
0,-33,-4,59,-1,0,0,-29,-6,-30,3,7,1,3,0
0,-32,4,54,0,-1,-1,-30,-6,-30,-4,7,0,3,0
0,-32,2,53,-1,-1,-1,-31,-6,-30,-2,7,0,3,0
0,-32,-5,62,-1,-1,0,-27,-6,-30,4,7,1,3,0
0,-34,2,50,-1,-1,-1,-34,-6,-30,-2,7,0,3,0
0,-32,1,56,0,-1,0,-29,-6,-30,-1,7,0,3,0
0,-33,-4,59,-1,0,0,-29,-6,-30,3,7,1,3,0
0,-35,6,53,0,-1,-1,-33,-6,-30,-6,7,0,3,0
0,-33,1,56,-1,-1,0,-30,-6,-30,-1,7,0,3,0
0,-32,-3,59,-1,0,-1,-28,-6,-30,2,7,0,3,0
0,-36,5,57,0,-1,-1,-32,-6,-31,-5,7,0,3,0
0,-33,0,54,-1,-1,0,-31,-6,-31,0,7,0,3,0
0,-31,-4,57,-1,0,-1,-28,-6,-31,4,7,0,3,0
0,-38,4,62,0,-1,-1,-31,-6,-31,-3,7,0,3,0
0,-32,0,55,-1,-1,0,-30,-6,-31,0,7,0,3,0
0,-33,-3,58,-1,-1,-1,-29,-6,-31,2,7,0,3,0
0,-37,4,61,0,-1,-1,-31,-6,-31,-3,7,0,3,0
0,-30,0,54,0,-1,0,-29,-6,-31,0,7,0,3,0
0,-32,-2,57,-1,-1,-1,-29,-6,-31,2,7,0,3,0
0,-35,4,59,0,-1,-1,-30,-6,-30,-3,7,0,3,0
0,-31,-1,55,-1,-1,0,-29,-6,-30,1,7,0,3,0
0,-32,-3,55,0,0,-1,-30,-6,-30,3,7,0,3,0
0,-36,4,59,0,-1,-1,-31,-6,-30,-3,7,0,3,0
0,-33,0,56,-1,0,0,-30,-6,-31,0,7,0,3,0
0,-35,-4,55,0,0,-1,-32,-6,-31,4,7,0,3,0
0,-37,2,62,0,-1,-1,-31,-6,-31,-1,7,0,3,0
0,-32,0,53,-1,0,0,-31,-6,-31,0,7,0,3,0
0,-34,-4,62,0,-1,-1,-28,-6,-31,3,8,0,3,0
0,-29,-1,55,0,-1,-1,-28,-6,-30,1,8,0,3,0
0,-35,-3,59,0,0,0,-30,-6,-30,2,8,0,3,0
0,-34,3,58,0,-1,-1,-30,-6,-30,-2,8,0,3,0
0,-30,-2,53,0,-1,0,-29,-6,-30,2,8,0,3,0
0,-33,-3,58,-1,-1,0,-29,-6,-30,2,8,1,3,0
0,-33,2,59,0,0,-1,-29,-6,-30,-1,8,0,3,0
0,-32,0,53,0,-1,0,-31,-6,-30,0,8,0,3,0
0,-35,-3,58,0,-1,0,-31,-6,-30,2,8,1,3,0
0,-34,3,57,0,-1,-1,-31,-6,-30,-3,8,0,3,0
0,-32,0,57,-1,-1,0,-29,-6,-30,0,8,0,3,0
0,-36,-3,59,0,-1,0,-31,-6,-30,2,8,1,3,0
0,-35,2,59,0,-1,-1,-30,-6,-30,-1,8,1,3,0
0,-31,-1,55,0,-1,0,-29,-6,-30,1,8,1,3,0
0,-36,-2,59,0,-1,-1,-31,-6,-30,1,8,1,3,0
0,-33,2,60,0,-1,-1,-29,-6,-30,-1,8,1,3,0
0,-31,0,55,0,-1,0,-29,-6,-30,0,8,1,3,0
0,-36,-2,60,0,-1,-1,-31,-6,-30,1,8,1,3,0
0,-31,1,60,0,-1,-1,-27,-6,-30,0,8,1,3,0
0,-34,-1,56,0,-1,0,-31,-6,-30,1,8,1,3,0
0,-35,-4,62,0,0,-1,-29,-6,-30,3,8,1,3,0
0,-31,1,55,0,-1,-1,-29,-6,-30,-1,8,1,3,0
0,-33,2,58,-1,-1,0,-29,-6,-30,-1,8,1,3,0
0,-35,-2,59,0,0,-1,-30,-6,-30,1,8,1,3,0
0,-31,1,53,0,-1,-1,-30,-6,-30,-1,8,1,3,0
0,-32,1,56,0,-1,0,-29,-6,-30,-1,8,1,3,0
0,-35,-3,58,0,-1,-1,-31,-6,-30,2,8,1,3,0
0,-32,2,58,0,-1,-1,-29,-6,-30,-1,8,1,3,0
0,-33,0,57,-1,-1,0,-30,-6,-30,0,8,1,3,0
0,-32,-3,56,0,-1,-1,-29,-6,-30,3,8,1,3,0
0,-32,0,59,0,-1,0,-28,-6,-30,0,8,1,3,0
0,-32,-1,61,0,-1,0,-27,-6,-30,0,8,1,3,0
0,-33,2,52,0,-1,-1,-32,-6,-30,-2,8,1,3,0
0,-33,4,57,0,-1,-1,-30,-6,-30,-4,8,1,3,0
0,-32,-2,59,0,-1,0,-28,-6,-30,1,8,1,3,0
0,-33,2,55,0,-1,-1,-31,-6,-30,-2,8,1,3,0
0,-33,1,58,0,-1,0,-29,-6,-30,0,8,1,3,0
0,-35,-2,59,0,-1,0,-30,-6,-30,1,9,1,3,0
0,-33,1,56,0,-1,-1,-30,-6,-30,-1,9,1,3,0
0,-34,2,56,0,-1,0,-31,-6,-30,-2,9,1,3,0
0,-34,-1,60,0,0,-1,-29,-6,-30,0,9,1,3,0
0,-30,0,55,0,-1,-1,-28,-6,-30,0,9,1,3,0
0,-33,0,54,-1,-1,0,-31,-6,-30,0,9,1,3,0
0,-33,-3,60,-1,-1,-1,-29,-6,-30,2,9,1,3,0
0,-32,1,55,0,-1,-1,-30,-6,-30,-1,9,1,3,0
0,-31,3,56,0,-1,0,-29,-6,-30,-3,9,0,3,0
0,-33,-1,60,0,-1,-1,-29,-6,-30,0,9,1,3,0
0,-30,-1,53,-1,-1,-1,-29,-6,-30,1,9,1,3,0
0,-34,2,58,-1,-1,0,-30,-7,-30,-1,9,1,3,0
0,-32,-2,56,0,0,-1,-29,-7,-30,2,9,1,3,0
0,-29,0,54,0,-1,-1,-28,-7,-30,0,9,1,3,0
0,-35,2,58,-1,-1,0,-31,-7,-30,-1,9,0,3,0
0,-34,-3,59,-1,-1,-1,-30,-7,-30,2,9,1,3,0
0,-31,-3,55,-1,-1,-1,-29,-7,-30,3,9,1,3,0
0,-35,0,54,-1,-1,0,-33,-7,-30,0,9,1,3,0
0,-33,1,59,-1,-1,-1,-29,-7,-30,0,9,1,3,0
0,-31,1,54,-1,-1,0,-30,-7,-30,-1,9,1,3,0
0,-34,2,58,0,-1,0,-30,-7,-30,-1,9,1,3,0
0,-30,0,57,-1,0,-1,-27,-7,-30,0,9,1,3,0
0,-35,3,58,-1,-1,-1,-31,-7,-30,-2,9,0,3,0
0,-33,-3,56,-1,-1,-1,-30,-7,-30,3,9,1,3,0
0,-28,0,52,-1,-1,-1,-28,-7,-30,0,9,1,3,0
0,-34,2,58,-1,-1,0,-30,-7,-30,-1,9,0,3,0
0,-33,-3,59,-1,0,0,-29,-7,-30,2,9,1,3,0
0,-32,1,54,-1,0,-1,-30,-7,-30,-1,9,0,3,0
0,-35,1,58,-1,-1,0,-31,-7,-30,0,9,0,3,0
0,-34,-2,57,-1,-1,0,-31,-7,-30,2,9,1,3,0
0,-32,0,58,-1,0,-1,-29,-7,-30,0,9,0,3,0
0,-34,2,56,-1,-1,0,-31,-7,-30,-2,9,0,3,0
0,-35,-3,62,-1,0,-1,-29,-7,-30,2,9,0,3,0
0,-30,0,57,-1,0,-1,-27,-7,-30,0,9,0,3,0
0,-36,2,59,-1,-1,0,-31,-7,-30,-1,9,0,3,0
0,-34,-3,59,-1,-1,0,-30,-7,-30,2,9,1,3,0
0,-31,1,56,-1,-1,0,-29,-7,-30,-1,9,0,3,0
0,-35,2,57,-1,-1,0,-31,-7,-30,-2,9,0,3,0
0,-33,-4,58,-1,-1,0,-29,-7,-30,3,9,1,3,0
0,-32,0,55,-1,-1,-1,-30,-7,-30,0,9,1,3,0
0,-36,2,58,-1,-1,0,-32,-7,-30,-1,9,1,3,0
0,-35,-3,57,-2,0,0,-31,-7,-30,3,9,1,3,0
0,-32,1,56,-1,-1,0,-29,-7,-30,-1,9,1,3,0
0,-37,2,58,-1,-1,0,-32,-7,-31,-1,10,0,3,0
0,-33,-3,58,-1,0,0,-29,-7,-31,2,10,1,3,0
0,-31,1,56,-1,-1,-1,-29,-7,-31,-1,10,1,3,0
0,-34,5,57,-1,-1,-1,-31,-8,-31,-5,10,0,3,0
0,-32,-1,60,-2,0,-1,-28,-8,-31,0,10,0,3,0
0,-30,-1,59,-1,-1,0,-27,-8,-30,0,10,0,3,0
0,-17,11,61,-1,0,0,-15,-8,-30,-10,10,0,3,0
0,-38,-9,64,0,-1,-1,-30,-8,-30,8,10,0,3,0
0,-30,-5,61,-1,-1,0,-26,-8,-30,4,10,0,3,0
0,-37,8,67,0,-1,-1,-29,-8,-30,-6,10,0,3,0
0,-31,-1,52,1,-1,0,-31,-8,-30,1,10,0,3,0
0,-30,-5,62,2,-1,-1,-26,-8,-30,4,10,0,3,0
0,-33,2,57,2,-1,-1,-30,-7,-30,-2,10,0,3,0
0,-32,-3,55,3,-2,0,-30,-7,-30,3,10,1,3,0
0,-34,-4,58,5,-2,-1,-30,-7,-29,3,10,1,2,0
0,-29,-2,62,6,-1,-1,-25,-7,-29,1,10,1,2,0
0,-37,-6,58,7,-1,-1,-32,-7,-29,5,10,1,2,0
0,-32,-1,52,8,-1,-1,-31,-6,-29,1,10,1,2,0
0,-38,6,60,10,-1,-2,-32,-6,-28,-5,10,1,2,0
0,-31,8,69,11,-2,-1,-24,-5,-28,-6,10,1,2,0
0,-32,-1,63,12,-1,-2,-27,-5,-27,0,10,1,2,0
0,-34,-3,46,13,0,-2,-36,-5,-27,3,10,1,2,0
0,-28,0,50,14,0,-2,-29,-4,-26,0,10,1,2,0
0,-30,1,49,16,0,-2,-31,-3,-26,-1,10,1,2,0
0,-33,0,53,17,-1,-2,-32,-3,-25,0,10,1,2,0
0,-23,-1,43,17,-1,-2,-28,-2,-25,1,10,1,2,0
0,-27,2,46,19,-1,-2,-30,-1,-24,-2,10,1,2,0
0,-29,0,57,19,-1,-2,-27,0,-23,0,10,1,2,0
0,-30,1,57,21,-1,-2,-27,0,-23,-1,10,1,2,0
0,-21,-10,66,22,-1,-2,-17,0,-22,8,10,1,2,0
0,-18,-7,40,23,-1,-2,-24,1,-21,9,10,1,2,0
0,-13,-7,59,23,-1,-2,-12,2,-20,6,10,1,2,0
0,-20,-9,53,25,-1,-2,-20,3,-19,9,10,1,1,0
0,-16,-6,64,26,0,-2,-14,4,-18,5,10,1,1,0
0,-10,7,64,25,-2,-3,-8,5,-17,-6,10,1,1,0
0,-19,2,76,27,0,-2,-14,6,-16,-1,10,1,1,0
0,-14,2,86,29,-1,-2,-9,7,-14,-1,11,1,1,0
0,-20,8,58,29,-2,-3,-19,8,-13,-7,11,1,1,0
0,-6,1,62,32,-1,-2,-5,9,-12,0,11,1,1,0
0,-17,4,73,29,-1,-3,-13,11,-11,-3,11,1,1,0
0,-14,3,65,30,-1,-3,-12,12,-10,-2,11,1,1,0
0,-9,1,53,31,-1,-3,-9,13,-8,-1,11,1,0,0
0,-18,0,51,31,-2,-3,-19,14,-7,0,11,1,0,0
0,-13,-3,72,32,0,-3,-10,15,-6,2,11,1,0,0
0,-5,3,78,33,-2,-4,-3,17,-5,-2,11,1,0,0
0,-6,-4,65,31,-1,-4,-5,18,-4,3,11,1,0,0
0,-6,0,50,34,-1,-4,-6,19,-2,0,11,1,0,0
0,2,-5,72,34,0,-3,1,21,-1,3,11,1,0,0
0,7,-6,81,33,-2,-4,4,22,0,4,11,1,0,0
0,8,1,69,35,-1,-4,6,23,1,0,11,1,0,0
0,7,-3,50,34,-2,-4,7,25,2,3,11,1,0,0
0,3,-5,53,35,-2,-5,3,26,4,5,11,1,0,0
0,-6,-5,56,31,-1,-4,-6,27,5,5,11,1,0,0
0,14,-1,75,32,-2,-4,10,28,6,0,11,1,0,0
0,15,-4,68,33,-2,-4,12,30,7,3,11,2,0,0
0,33,5,53,32,-1,-3,32,31,9,-5,11,1,0,0
0,36,-5,74,33,-2,-3,26,32,11,3,11,2,-1,0
0,30,-4,77,33,-2,-3,21,33,12,2,11,2,-1,0
0,29,-6,61,33,-2,-3,25,35,14,5,12,2,-1,0
0,36,-5,36,31,-1,-3,45,36,15,7,12,2,-1,0
0,28,-6,38,30,-1,-3,36,37,17,8,12,2,-1,0
0,30,4,52,30,-1,-3,30,38,18,-4,12,2,-1,0
0,27,4,78,28,-1,-2,19,39,19,-2,12,2,-1,0
0,26,4,78,27,-1,-2,18,40,20,-2,12,2,-2,0
0,19,-6,53,27,-1,-2,19,41,21,6,12,2,-2,0
0,27,-6,23,27,-1,-2,49,42,23,14,12,2,-2,0
0,31,-6,37,27,-1,-3,40,44,24,9,12,2,-2,0
0,33,-5,47,26,-1,-2,35,45,25,6,12,2,-2,0
0,32,-7,54,24,-1,-2,30,45,26,7,12,2,-2,0
0,35,-8,58,23,0,-2,31,46,27,7,12,3,-2,0
0,44,-11,42,21,-1,-2,46,47,29,14,12,3,-2,0
0,43,-4,41,20,-1,-2,46,48,30,5,12,3,-3,0
0,47,-7,43,19,-1,-2,47,49,31,9,12,3,-3,0
0,47,-7,50,18,-1,-2,43,49,32,7,12,3,-3,0
0,57,2,56,17,-1,-1,45,50,33,-2,12,3,-3,0
0,48,6,69,16,-1,-2,35,51,33,-4,12,3,-3,0
0,39,1,68,15,-1,-2,30,51,34,0,12,3,-3,0
0,43,-1,49,14,-1,-2,41,52,34,1,12,3,-3,0
0,36,5,66,13,0,-2,28,52,35,-4,12,3,-3,0
0,50,1,60,11,-1,-1,39,53,35,0,12,3,-3,0
0,43,1,62,9,-1,-1,35,53,36,0,12,3,-3,0
0,41,-3,52,8,-1,-1,38,53,36,3,12,3,-3,0
0,38,-3,44,7,-1,-1,40,54,36,3,12,3,-3,0
0,44,-6,52,6,-1,-1,40,54,36,6,12,3,-3,0
0,51,-6,45,5,-1,-1,48,54,37,7,12,3,-3,0
0,41,-6,41,3,-1,-1,45,54,37,8,12,3,-3,0
0,50,-6,37,1,-1,-1,53,54,37,9,12,3,-3,0
0,50,-7,33,1,0,-1,56,54,38,12,12,3,-3,0
0,56,-7,32,-1,-1,0,60,54,38,12,12,3,-3,0
0,54,-7,28,-2,-1,0,62,54,39,14,12,4,-3,0
0,49,-6,41,-3,0,0,49,54,39,8,12,4,-3,0
0,51,-4,41,-5,0,0,50,54,39,5,12,4,-3,0
0,44,-4,41,-7,0,0,47,54,39,5,12,4,-3,0
0,41,-4,49,-8,0,0,40,53,38,4,12,4,-3,0
0,38,-2,46,-9,-1,0,39,53,38,2,12,4,-3,0
0,37,0,58,-9,-1,0,32,52,38,0,12,4,-3,0
0,44,4,59,-11,-1,1,36,52,37,-3,12,4,-3,0
0,45,3,48,-12,-1,0,43,52,37,-3,13,3,-3,0
0,38,1,51,-13,-1,0,36,51,36,-1,13,3,-3,0
0,41,4,52,-14,0,0,38,51,36,-4,13,3,-3,0
0,47,8,63,-15,0,0,36,50,35,-7,13,3,-3,0
0,45,8,74,-16,0,0,31,49,34,-6,13,3,-3,0
0,43,1,70,-17,-1,1,31,49,34,0,13,3,-3,0
0,36,0,56,-18,-1,1,33,48,33,0,13,3,-3,0
0,37,-6,44,-18,-1,1,40,47,32,7,13,3,-3,0
0,38,-9,50,-20,0,1,37,46,32,10,13,3,-3,0
0,47,-1,67,-21,0,1,35,46,31,0,13,3,-3,0
0,36,-3,66,-22,0,1,28,45,30,2,13,3,-3,0
0,34,-7,51,-24,0,1,33,44,29,7,13,3,-2,0
0,29,-9,19,-24,-1,1,56,43,29,25,13,3,-2,0
0,35,-10,25,-24,-1,1,54,42,28,21,13,4,-2,0
0,45,-5,45,-25,-1,2,45,41,28,6,13,4,-2,0
0,43,1,58,-25,0,1,36,40,27,0,13,4,-2,0
0,29,-9,58,-26,0,1,26,39,26,8,13,4,-2,0
0,24,-9,42,-26,0,1,29,38,25,12,13,4,-2,0
0,21,-7,39,-27,0,1,28,37,24,10,13,4,-2,0
0,26,-6,46,-29,0,1,29,36,23,7,13,4,-2,0
0,30,-3,72,-29,-1,1,22,35,22,2,13,4,-2,0
0,23,-4,82,-30,-1,2,15,33,21,2,13,4,-2,0
0,21,2,67,-30,0,2,17,32,19,-1,13,4,-1,0
0,16,-2,43,-31,0,2,20,31,18,2,13,4,-1,0
0,29,0,44,-31,0,2,33,30,17,0,13,4,-1,0
0,21,13,90,-31,0,2,13,29,16,-8,13,4,-1,0
0,12,4,92,-31,0,2,7,27,15,-2,13,3,-1,0
0,-2,-1,62,-32,1,2,-1,26,13,0,13,3,-1,0
0,7,-7,46,-31,0,2,8,25,12,8,13,3,-1,0
0,11,-4,64,-34,-2,1,9,24,10,3,13,4,-1,0
0,13,-5,65,-33,-1,2,11,22,9,4,13,4,0,0
0,19,-4,42,-33,0,2,24,21,8,5,13,4,0,0
0,18,-4,51,-34,0,2,19,20,7,4,13,4,0,0
0,2,-1,43,-33,2,3,2,18,6,1,13,3,0,0
0,5,-6,40,-33,-2,1,7,17,4,8,13,4,0,0
0,-6,9,74,-31,-1,1,-4,16,3,-6,13,3,0,0
0,1,8,98,-32,-1,1,0,15,2,-4,13,3,0,0
0,3,8,100,-32,-1,1,1,13,0,-4,13,3,0,0
0,-4,5,84,-31,0,2,-2,12,0,-3,13,3,0,0
0,2,-5,72,-29,-2,1,1,11,-1,3,13,3,0,0
0,-15,3,53,-30,0,2,-15,10,-2,-3,13,3,0,0
0,1,-9,46,-30,1,3,1,9,-3,11,13,3,0,0
0,-5,-6,58,-29,1,4,-4,7,-4,5,13,3,0,0
0,-14,-4,61,-28,0,3,-12,6,-6,3,13,3,0,0
0,-3,0,55,-28,0,2,-3,5,-7,0,13,3,0,0
0,-4,-3,62,-29,0,2,-3,4,-8,2,13,3,0,0
0,-13,-1,65,-28,-1,1,-11,3,-9,0,13,3,0,0
0,-30,-1,62,-28,-1,1,-26,2,-10,0,13,3,1,0
0,-37,0,56,-25,-1,1,-33,1,-12,0,13,3,1,0
0,-28,4,57,-24,-1,2,-26,0,-13,-4,13,3,1,0
0,-28,5,71,-23,0,1,-21,0,-14,-4,13,3,1,0
0,-33,9,83,-23,0,1,-21,-1,-15,-6,13,2,1,0
0,-24,8,79,-22,0,1,-16,-2,-16,-5,13,2,1,0
0,-22,-1,80,-21,0,1,-15,-2,-17,0,13,2,1,0
0,-31,-6,47,-20,0,1,-33,-3,-18,7,13,2,1,0
0,-25,-3,50,-19,0,1,-26,-4,-18,3,13,2,1,0
0,-33,-3,43,-18,0,1,-37,-5,-20,3,13,2,2,0
0,-27,-2,48,-18,0,0,-29,-5,-20,2,13,2,2,0
0,-21,-2,43,-16,0,0,-26,-6,-21,2,13,2,2,0
0,-26,-3,55,-15,-1,0,-25,-7,-22,3,13,2,2,0
0,-20,-6,58,-14,-1,0,-19,-7,-22,5,13,2,2,0
0,-29,-7,59,-13,-1,0,-26,-8,-23,6,13,2,2,0
0,-28,-6,47,-12,0,0,-31,-8,-23,7,13,3,2,0
0,-30,0,44,-11,0,0,-34,-8,-24,0,13,2,2,0
0,-36,2,53,-9,0,0,-34,-9,-25,-2,13,2,2,0
0,-38,-3,58,-8,0,0,-33,-9,-25,2,13,2,2,0
0,-41,1,63,-7,0,0,-33,-9,-25,0,13,2,2,0
0,-38,2,68,-6,-1,0,-29,-10,-26,-1,13,2,2,0
0,-39,-6,64,-5,-1,-1,-31,-10,-26,5,13,2,2,0
0,-39,-5,61,-4,0,-1,-32,-10,-26,4,13,2,2,0
0,-38,-1,51,-3,0,-1,-36,-10,-27,1,13,2,2,0
0,-38,-1,53,-1,0,-1,-35,-10,-27,1,13,2,2,0
0,-30,3,61,0,-1,-1,-26,-10,-27,-2,13,2,2,0
0,-32,8,66,1,-1,-1,-26,-10,-27,-6,13,2,2,0
0,-29,8,74,3,-1,-1,-21,-10,-26,-6,13,2,2,0
0,-24,3,72,4,-1,-1,-18,-10,-26,-2,13,2,2,0
0,-27,1,67,5,-1,-1,-22,-10,-26,0,13,2,2,0
0,-23,-4,63,7,-1,-1,-20,-9,-25,3,13,2,2,0
0,-31,-2,59,8,-1,-1,-27,-9,-25,1,13,2,2,0
0,-33,6,55,9,-1,-1,-31,-9,-25,-6,13,2,2,0
0,-35,4,52,10,-1,-1,-34,-8,-25,-4,13,2,2,0
0,-43,8,61,11,-1,-1,-35,-8,-24,-7,13,1,2,0
0,-37,5,64,12,-1,-1,-30,-7,-24,-4,14,1,2,0
0,-41,-2,57,13,0,-1,-35,-7,-24,2,14,1,2,0
0,-36,-1,54,14,-1,-2,-33,-6,-23,1,14,1,2,0
0,-35,-2,55,15,-1,-2,-32,-6,-23,2,14,1,2,0
0,-32,-1,55,15,-1,-2,-30,-5,-23,1,14,1,2,0
0,-35,2,48,17,0,-2,-36,-4,-22,-2,14,1,2,0
0,-22,-3,64,19,-1,-2,-19,-4,-21,2,14,1,2,0
0,-29,1,75,20,-1,-2,-21,-3,-21,0,14,1,2,0
0,-22,-4,79,21,-1,-2,-15,-2,-20,2,14,1,2,0
0,-18,-3,56,21,-1,-2,-17,-1,-19,3,14,1,1,0
0,-12,-3,65,22,0,-2,-10,0,-18,2,14,1,1,0
0,-26,-1,66,24,-1,-2,-21,0,-17,0,14,1,1,0
0,-23,-1,59,26,-1,-2,-21,1,-16,0,14,1,1,0
0,-18,4,58,26,-2,-3,-17,2,-15,-3,14,1,1,0
0,-17,2,74,29,-1,-2,-12,3,-14,-1,14,1,1,0
0,-30,2,65,27,-1,-3,-24,4,-13,-1,14,1,1,0
0,-22,-4,58,29,-1,-3,-20,5,-12,3,14,1,1,0
0,-14,-8,34,30,-1,-2,-22,6,-11,13,14,2,1,0
0,-25,-5,39,31,-1,-3,-32,7,-10,7,14,2,1,0
0,-18,-7,51,30,0,-2,-19,8,-9,7,14,2,0,0
0,-9,-12,54,33,0,-2,-9,10,-8,12,14,2,0,0
0,-13,1,50,30,-2,-4,-14,11,-7,-1,14,2,0,0
0,-7,7,51,32,-1,-3,-7,12,-6,-7,14,2,0,0
0,-4,3,81,33,-1,-3,-2,13,-4,-2,14,2,0,0
0,0,-1,101,34,-1,-3,0,15,-3,0,14,2,0,0
0,5,8,81,32,-1,-3,3,16,-2,-5,14,2,0,0
0,9,5,63,33,-1,-3,8,17,0,-4,14,2,0,0
0,-4,5,70,34,-2,-4,-3,19,0,-4,14,1,0,0
0,6,-4,66,35,-1,-4,5,20,2,3,14,2,0,0
0,-2,-13,41,34,-1,-4,-2,21,3,17,14,2,0,0
0,5,1,50,34,-1,-4,5,23,4,-1,14,2,0,0
0,8,-3,89,35,-1,-4,5,24,5,1,14,2,0,0
0,14,2,91,34,-2,-4,8,25,7,-1,14,2,0,0
0,18,6,86,33,-1,-3,11,27,8,-3,15,2,0,0
0,33,2,66,37,-1,-3,26,28,10,-1,15,2,-1,0
0,31,-4,61,33,-2,-4,27,29,11,3,15,2,-1,0
0,23,-15,55,33,-2,-4,22,31,13,15,15,2,-1,0
0,22,-12,34,32,-2,-4,33,32,14,19,15,2,-1,0
0,27,-9,40,32,-1,-3,34,33,16,12,15,3,-1,0
0,30,-3,45,31,-1,-3,33,34,18,3,15,3,-1,0
0,40,4,44,31,-1,-3,42,35,19,-5,15,3,-1,0
0,39,5,58,31,-1,-2,34,37,21,-4,15,2,-2,0
0,29,7,78,30,-2,-2,20,38,22,-5,15,2,-2,0
0,20,3,65,29,-1,-3,17,39,23,-2,15,2,-2,0
0,21,-6,55,28,-1,-2,21,40,24,6,15,2,-2,0
0,29,-5,42,28,-1,-2,34,41,25,6,15,2,-2,0
0,29,-2,57,27,-1,-3,27,42,26,2,15,3,-2,0
0,36,-1,50,25,-1,-3,36,43,27,1,15,2,-2,0
0,43,-1,44,24,-1,-3,44,44,29,1,15,2,-2,0
0,46,-2,47,22,-1,-3,44,45,30,2,15,2,-3,0
0,41,-6,36,22,-1,-2,48,46,31,9,15,3,-3,0
0,41,0,42,21,-1,-2,44,47,32,0,15,3,-3,0
0,49,-6,48,20,-1,-2,45,47,33,7,15,3,-3,0
0,58,-8,48,19,-1,-2,50,48,34,9,15,3,-3,0
0,58,-5,53,18,-1,-2,47,49,35,5,15,3,-3,0
0,55,-8,49,16,-1,-2,48,49,36,9,15,3,-3,0
0,43,-2,48,15,-1,-2,41,50,36,2,15,3,-3,0
0,38,-3,41,13,-1,-2,42,51,37,4,15,3,-3,0
0,42,-4,60,12,-1,-1,35,51,37,3,15,3,-3,0
0,40,7,65,11,-1,-1,31,51,38,-6,15,3,-3,0
0,36,-2,65,10,-1,-1,29,52,38,1,15,3,-3,0
0,39,2,40,10,-1,-1,44,52,38,-2,16,3,-3,0
0,39,6,49,8,-1,-1,38,52,39,-6,16,3,-3,0
0,49,3,50,7,-1,-1,44,53,39,-3,16,3,-3,0
0,49,4,54,5,0,-1,42,53,39,-4,16,2,-3,0
0,54,0,52,3,-1,-1,46,53,40,0,16,2,-4,0
0,51,-2,44,2,0,-1,49,53,40,2,16,2,-4,0
0,49,0,44,1,0,-1,48,53,40,0,16,2,-4,0
0,51,-1,45,0,-1,0,48,53,40,1,16,2,-4,0
0,50,-5,50,-1,-1,0,45,53,40,5,16,2,-4,0
0,50,-7,46,-3,-1,0,47,53,40,8,16,3,-4,0
0,48,-8,40,-4,0,0,50,53,40,11,16,3,-4,0
0,51,-10,40,-5,0,0,51,53,40,14,16,3,-4,0
0,51,-5,39,-6,0,0,52,52,40,7,16,3,-4,0
0,47,-9,38,-8,-1,0,50,52,40,13,16,3,-4,0
0,52,-8,43,-8,0,0,50,52,40,10,16,3,-4,0
0,54,-5,48,-10,0,0,48,51,40,5,16,3,-4,0
0,47,-4,51,-10,0,0,42,51,39,4,16,3,-3,0
0,44,-7,41,-12,0,0,47,50,39,9,16,3,-3,0
0,45,-6,42,-13,0,0,47,50,39,8,16,4,-3,0
0,42,-8,37,-15,0,0,48,49,38,12,16,4,-3,0
0,50,-1,45,-16,-1,0,47,49,38,1,16,4,-3,0
0,47,-3,54,-17,-1,1,41,48,37,3,16,4,-3,0
0,50,1,53,-18,-1,1,43,47,37,-1,16,4,-3,0
0,40,0,49,-18,-1,1,39,47,36,0,16,4,-3,0
0,36,-4,39,-19,-1,1,42,46,35,5,16,4,-3,0
0,49,0,43,-20,-1,1,48,45,35,0,16,4,-3,0
0,47,0,63,-21,0,1,36,44,34,0,16,3,-3,0
0,37,2,61,-22,0,1,31,43,33,-1,16,3,-3,0
0,30,6,52,-22,-1,1,30,43,32,-6,16,3,-3,0
0,31,5,51,-23,-1,1,31,42,31,-5,16,3,-3,0
0,28,10,68,-24,0,1,22,41,30,-8,16,3,-3,0
0,44,4,69,-25,0,1,32,40,29,-3,16,3,-2,0
0,40,0,72,-25,0,1,29,39,28,0,16,3,-2,0
0,44,-2,60,-26,0,1,36,38,27,1,16,3,-2,0
0,35,-6,65,-26,0,1,28,37,26,5,16,3,-2,0
0,36,-9,65,-28,0,1,29,36,25,7,16,3,-2,0
0,36,-5,63,-29,0,1,29,34,24,4,16,3,-2,0
0,33,-7,52,-29,0,2,32,33,23,7,16,3,-2,0
0,29,-16,36,-28,-1,2,39,32,23,24,16,3,-2,0
0,31,-8,41,-29,-1,2,37,31,22,11,16,3,-2,0
0,22,-9,42,-29,0,2,27,30,21,12,16,4,-2,0
0,21,0,56,-30,0,2,20,29,20,0,16,3,-2,0
0,15,0,62,-30,0,2,13,28,18,0,16,3,-1,0
0,23,1,59,-31,0,1,21,26,17,0,16,3,-1,0
0,25,-5,59,-33,0,2,23,25,16,4,16,3,-1,0
0,13,-8,59,-32,0,2,12,24,15,7,16,3,-1,0
0,11,-6,66,-33,0,2,9,23,13,5,16,3,-1,0
0,11,3,78,-32,-1,2,8,21,12,-2,16,3,-1,0
0,24,3,67,-32,0,2,19,20,11,-2,16,3,-1,0
0,24,0,66,-34,1,3,20,19,10,0,16,3,-1,0
0,18,-4,67,-32,-1,2,15,17,9,3,16,3,0,0
0,10,4,49,-35,0,1,11,16,7,-4,16,3,0,0
0,8,1,59,-34,-1,2,7,15,6,0,16,3,0,0
0,-1,10,71,-34,0,2,0,13,5,-8,16,3,0,0
0,8,1,63,-33,-1,2,7,12,3,0,16,3,0,0
0,-8,-3,73,-33,-1,2,-6,11,2,2,16,3,0,0
0,-2,-15,29,-33,0,2,-3,10,0,27,16,3,0,0
0,-3,-9,29,-32,-1,2,-5,8,0,17,16,3,0,0
0,4,-2,50,-32,0,2,4,7,-1,2,16,3,0,0
0,-5,2,64,-33,0,2,-4,6,-2,-1,16,3,0,0
0,-9,9,87,-32,0,2,-5,5,-4,-5,16,3,0,0
0,-2,7,103,-31,0,2,-1,3,-5,-3,16,3,0,0
0,-17,3,90,-30,-1,2,-10,2,-6,-1,16,3,0,0
0,-20,4,75,-29,-1,2,-14,1,-7,-3,16,3,0,0
0,-23,-2,65,-30,-2,2,-19,0,-9,1,16,3,0,0
0,-30,0,43,-30,-1,2,-35,0,-10,0,16,3,1,0
0,-25,-5,46,-29,-2,1,-28,-1,-12,6,16,3,1,0
0,-30,-1,57,-27,0,2,-27,-3,-13,1,16,3,1,0
0,-34,-3,73,-28,-1,1,-25,-4,-14,2,16,3,1,0
0,-26,-7,54,-26,0,1,-25,-5,-16,7,16,3,1,0
0,-13,-7,47,-23,0,1,-15,-6,-16,8,16,3,1,0
0,-15,-1,51,-25,0,1,-16,-6,-17,1,16,3,1,0
0,-31,-5,57,-24,0,1,-28,-7,-18,5,16,3,1,0
0,-31,4,64,-24,0,1,-26,-8,-20,-3,16,3,2,0
0,-34,4,56,-22,0,1,-31,-9,-21,-4,16,3,2,0
0,-30,5,45,-22,0,0,-33,-10,-22,-6,16,2,2,0
0,-23,5,49,-21,-1,1,-25,-11,-23,-5,16,2,2,0
0,-27,7,60,-19,-1,1,-24,-12,-23,-6,16,2,2,0
0,-29,4,72,-18,-1,1,-22,-12,-24,-3,17,2,2,0
0,-30,2,68,-16,-1,1,-23,-13,-24,-1,17,2,2,0
0,-25,5,63,-16,0,1,-21,-14,-25,-4,17,2,2,0
0,-30,3,57,-15,-1,0,-27,-14,-26,-3,17,2,2,0
0,-34,6,66,-14,-1,0,-27,-15,-26,-5,17,2,2,0
0,-38,7,69,-13,0,0,-29,-15,-27,-5,17,1,2,0
0,-46,6,67,-11,0,0,-34,-16,-27,-5,17,1,2,0
0,-44,0,65,-10,0,0,-34,-16,-28,0,17,1,2,0
0,-45,-2,55,-9,0,0,-39,-16,-28,2,17,1,2,0
0,-45,-4,48,-8,0,0,-43,-17,-29,4,17,1,2,0
0,-40,-2,48,-7,0,0,-39,-17,-29,2,17,1,2,0
0,-40,0,50,-6,0,0,-38,-17,-30,0,17,1,3,0
0,-39,0,56,-4,-1,0,-35,-17,-30,0,17,1,3,0
0,-40,-1,62,-2,-1,0,-33,-17,-30,0,17,1,3,0
0,-37,2,58,-1,-1,0,-32,-17,-30,-1,17,1,3,0
0,-31,-4,50,0,-1,-1,-32,-17,-30,4,17,1,3,0
0,-28,-6,49,1,-1,-1,-29,-17,-30,6,17,1,3,0
0,-37,-4,43,2,-1,-1,-40,-17,-30,5,17,2,3,0
0,-39,-4,41,4,-1,-1,-43,-17,-30,5,17,2,3,0
0,-43,-1,44,7,-1,-1,-44,-17,-30,1,17,2,3,0
0,-46,-1,41,7,-1,-1,-48,-17,-30,1,17,2,3,0
0,-47,1,59,9,-1,-1,-38,-16,-30,0,17,2,3,0
0,-42,4,55,9,-1,-1,-37,-16,-30,-4,17,1,3,0
0,-40,-6,48,11,-1,-2,-39,-15,-30,7,17,2,3,0
0,-40,-4,46,13,-1,-2,-41,-15,-29,4,17,2,2,0
0,-40,-3,50,15,-1,-2,-38,-14,-29,3,17,2,2,0
0,-43,-2,47,16,0,-2,-42,-14,-29,2,17,2,2,0
0,-39,-3,52,17,0,-2,-37,-13,-28,3,17,2,2,0
0,-38,0,48,19,-1,-2,-38,-12,-28,0,17,2,2,0
0,-38,-1,58,20,0,-2,-33,-11,-27,0,17,2,2,0
0,-31,-4,69,21,-1,-2,-24,-11,-26,3,17,2,2,0
0,-32,-5,52,22,-1,-2,-31,-10,-25,5,17,2,2,0
0,-32,-6,42,24,-1,-2,-37,-9,-25,8,17,2,2,0
0,-37,-6,52,24,-1,-2,-35,-8,-24,6,17,2,2,0
0,-28,-10,47,26,-1,-3,-31,-7,-23,12,17,2,2,0
0,-27,0,35,26,-2,-3,-37,-6,-22,0,17,2,2,0
0,-19,0,62,28,-2,-3,-17,-5,-21,0,17,2,2,0
0,-26,-4,63,29,-2,-3,-22,-4,-20,3,17,2,2,0
0,-14,-8,70,30,-1,-2,-11,-2,-19,6,17,3,1,0
0,-12,1,54,29,-1,-3,-12,-1,-17,-1,17,2,1,0
0,-5,0,70,32,-1,-2,-4,0,-16,0,18,2,1,0
0,-22,1,87,33,-1,-4,-14,0,-15,0,18,2,1,0
0,-7,9,66,33,-1,-3,-6,2,-13,-7,18,2,1,0
0,-15,8,62,33,0,-3,-13,3,-12,-7,18,2,1,0
0,-15,2,60,32,-1,-4,-14,4,-11,-1,18,2,1,0
0,-6,12,74,36,-3,-5,-4,5,-9,-9,18,2,0,0
0,-24,8,71,33,-1,-3,-18,7,-8,-6,18,2,0,0
0,-16,4,69,35,0,-3,-13,8,-7,-3,18,2,0,0
0,-9,-8,59,34,-1,-4,-8,9,-6,7,18,2,0,0
0,-5,-1,39,36,-1,-4,-7,11,-4,1,18,2,0,0
0,6,-9,45,35,-1,-4,7,12,-3,11,18,2,0,0
0,-8,-5,71,35,-1,-3,-6,14,-1,4,18,2,0,0
0,1,-1,58,35,-2,-4,0,15,0,0,18,2,0,0
0,-4,-7,76,33,-1,-3,-3,16,0,5,18,2,0,0
0,8,5,72,38,-2,-4,6,18,2,-3,18,2,0,0
0,1,-2,63,32,-1,-4,0,19,3,1,18,2,0,0
0,2,2,81,34,1,-3,1,20,4,-1,18,2,0,0
0,3,1,79,35,1,-2,2,22,6,0,18,2,0,0
0,3,-4,61,33,0,-2,2,23,7,3,18,2,0,0
0,18,-2,55,33,-1,-2,18,24,8,2,18,2,0,0
0,20,0,49,32,-2,-3,22,25,10,0,18,2,-1,0
0,24,1,46,32,-2,-4,27,27,11,-1,18,2,-1,0
0,31,-4,48,31,-1,-4,33,28,13,4,18,2,-1,0
0,27,-2,66,30,-1,-3,22,29,14,1,18,2,-1,0
0,27,-6,50,31,-1,-3,28,30,16,6,18,2,-1,0
0,31,-12,41,29,-1,-2,37,31,17,16,18,2,-1,0
0,28,-1,35,29,-2,-2,38,32,19,1,18,2,-1,0
0,26,4,29,28,-2,-2,41,34,20,-7,18,2,-2,0
0,33,6,59,26,-1,-2,29,35,21,-5,18,2,-2,0
0,30,-1,79,26,-1,-2,20,36,22,0,18,2,-2,0
0,25,0,70,24,-1,-2,19,36,23,0,19,2,-2,0
0,30,-3,53,23,-1,-3,29,37,24,3,19,2,-2,0
0,34,-4,50,22,0,-2,34,38,25,4,19,2,-2,0
0,36,6,50,22,-1,-2,36,39,26,-6,19,2,-2,0
0,39,5,46,21,-1,-2,40,40,27,-6,19,2,-2,0
0,47,2,53,20,-1,-2,41,41,28,-2,19,2,-2,0
0,51,-7,59,18,-1,-2,40,41,29,6,19,2,-2,0
0,48,-7,56,17,-1,-2,40,42,30,7,19,2,-3,0
0,43,-6,53,15,-1,-2,39,43,31,6,19,2,-3,0
0,46,-5,50,14,-1,-1,42,43,32,5,19,2,-3,0
0,37,-11,50,13,-1,-1,36,44,32,12,19,2,-3,0
0,45,-6,51,13,-1,-2,41,44,33,6,19,2,-3,0
0,47,-7,45,12,-1,-1,46,45,33,8,19,3,-3,0
0,42,-10,47,10,-1,-1,41,45,34,12,19,3,-3,0
0,40,-8,48,8,0,-1,39,45,34,9,19,3,-3,0
0,42,-2,39,7,0,-1,47,46,35,2,19,3,-3,0
0,41,1,42,6,-1,-1,44,46,35,-1,19,3,-3,0
0,42,6,51,5,-1,-1,39,46,36,-6,19,3,-3,0
0,39,2,57,4,-1,-1,34,46,36,-2,19,3,-3,0
0,42,1,59,3,-1,-1,35,46,36,0,19,3,-3,0
0,39,3,58,1,-1,-1,34,46,36,-2,19,2,-3,0
0,46,-5,50,0,-1,0,42,46,36,5,19,3,-3,0
0,43,3,51,-1,-1,-1,40,46,36,-3,19,2,-3,0
0,49,3,50,-2,0,0,44,46,36,-3,19,2,-3,0
0,44,3,50,-4,0,0,41,46,36,-3,19,2,-3,0
0,48,4,54,-5,0,0,41,46,36,-4,19,2,-3,0
0,41,4,50,-6,0,0,39,46,36,-4,19,2,-3,0
0,41,-1,43,-7,0,0,43,45,35,1,19,2,-3,0
0,45,-5,54,-9,0,0,39,45,35,5,19,2,-3,0
0,42,-2,64,-9,0,0,33,45,35,1,19,2,-3,0
0,45,-11,61,-10,0,0,36,44,34,10,19,2,-3,0
0,45,-12,53,-11,-1,0,40,44,34,12,19,2,-3,0
0,38,-11,46,-12,-1,0,39,43,34,13,19,2,-3,0
0,43,-11,38,-13,-1,0,48,43,34,16,19,3,-3,0
0,46,-10,36,-14,0,0,51,42,33,15,19,3,-3,0
0,48,-7,48,-14,-1,0,45,42,33,8,19,3,-3,0
0,47,-4,48,-15,-1,0,44,41,33,4,19,3,-3,0
0,42,-2,51,-16,-1,0,39,40,32,2,19,3,-3,0
0,38,-3,38,-18,0,1,45,40,32,4,19,3,-3,0
0,37,-7,32,-19,0,1,49,39,31,12,19,3,-3,0
0,43,-5,53,-19,0,1,39,38,31,5,19,3,-3,0
0,45,0,63,-20,0,1,35,37,30,0,19,3,-3,0
0,42,-3,71,-21,0,1,30,37,29,2,19,3,-2,0
0,27,-4,69,-22,0,1,21,36,28,3,19,3,-2,0
0,23,-4,50,-23,0,1,24,35,27,4,19,3,-2,0
0,22,-7,43,-23,0,1,27,34,26,9,19,3,-2,0
0,33,-6,44,-25,0,1,37,33,26,7,19,3,-2,0
0,31,-1,51,-25,0,2,31,32,25,1,19,3,-2,0
0,38,4,56,-26,0,1,34,31,24,-4,19,3,-2,0
0,31,4,70,-26,-1,1,24,30,23,-3,19,3,-2,0
0,25,5,63,-26,-1,1,21,29,22,-4,19,3,-2,0
0,23,11,83,-27,0,2,15,28,21,-7,19,3,-2,0
0,23,11,82,-27,0,2,15,27,19,-7,19,3,-1,0
0,25,3,85,-28,0,2,16,26,18,-2,19,2,-1,0
0,23,-7,74,-30,0,2,17,25,17,5,19,2,-1,0
0,17,-11,76,-30,0,2,12,23,16,8,19,3,-1,0
0,12,-10,67,-31,0,2,10,22,15,8,19,3,-1,0
0,16,-5,60,-30,0,2,14,21,13,4,19,3,-1,0
0,21,-6,45,-30,-1,2,25,20,12,7,19,3,-1,0
0,28,-6,44,-31,0,2,32,19,12,7,19,3,-1,0
0,19,-6,62,-31,1,2,17,17,11,5,19,3,-1,0
0,8,1,42,-31,1,2,10,16,9,-1,19,3,0,0
0,3,-5,44,-32,0,2,3,15,8,6,19,3,0,0
0,3,-3,63,-30,0,1,2,14,7,2,19,3,0,0
0,15,11,85,-33,-1,1,10,12,6,-7,19,3,0,0
0,12,1,98,-31,-1,1,6,11,4,0,19,3,0,0
0,3,3,84,-32,-1,2,2,10,3,-2,19,2,0,0
0,2,-3,65,-30,-1,1,1,9,2,2,19,3,0,0
0,0,-9,49,-30,-1,2,0,8,1,10,19,3,0,0
0,-1,-11,33,-29,-1,2,-1,6,0,18,19,3,0,0
0,0,-3,48,-29,0,2,0,5,-1,3,19,3,0,0
0,-10,-2,69,-28,0,2,-8,4,-2,1,19,3,0,0
0,4,-11,63,-29,0,2,3,3,-3,9,19,3,0,0
0,2,3,72,-29,0,2,1,2,-4,-2,19,3,0,0
0,4,-2,62,-28,-2,2,3,1,-5,1,20,3,0,0
0,-3,-9,66,-27,-2,1,-2,0,-6,7,20,3,0,0
0,-18,-1,57,-26,-2,1,-17,0,-7,1,20,3,0,0
0,-31,0,53,-24,-1,2,-30,-1,-8,0,20,3,0,0
0,-21,-3,60,-24,0,2,-19,-2,-9,2,20,3,0,0
0,-29,7,76,-23,-1,2,-21,-3,-10,-5,20,3,1,0
0,-23,7,76,-23,-2,1,-16,-4,-11,-5,20,3,1,0
0,-25,11,78,-21,0,1,-17,-5,-12,-8,20,3,1,0
0,-21,0,78,-21,0,1,-15,-6,-13,0,20,3,1,0
0,-26,-4,78,-20,0,1,-18,-6,-14,2,20,3,1,0
0,-26,-5,67,-20,-1,1,-21,-7,-15,4,20,3,1,0
0,-26,-3,49,-19,0,1,-28,-8,-16,3,20,3,1,0
0,-27,-5,41,-18,0,0,-33,-9,-17,6,20,3,1,0
0,-29,-4,37,-16,0,0,-38,-9,-18,6,20,3,1,0
0,-27,-2,51,-15,0,0,-28,-10,-19,2,20,3,1,0
0,-31,-2,43,-15,0,0,-36,-10,-20,2,20,3,2,0
0,-24,-7,59,-14,0,0,-22,-11,-20,6,20,3,2,0
0,-25,0,64,-13,0,0,-21,-11,-21,0,20,3,2,0
0,-27,-2,57,-12,-1,1,-25,-12,-21,2,20,3,2,0
0,-20,-10,52,-11,-1,0,-21,-12,-22,10,20,3,2,0
0,-22,-2,53,-10,0,0,-22,-13,-22,2,20,3,2,0
0,-24,-2,53,-9,0,0,-24,-13,-22,2,20,3,2,0
0,-30,0,56,-8,-1,0,-28,-13,-23,0,20,3,2,0
0,-30,1,52,-6,0,0,-30,-14,-23,-1,20,3,2,0
0,-37,2,59,-6,-1,0,-32,-14,-24,-1,20,3,2,0
0,-38,4,67,-5,-1,-1,-29,-14,-24,-3,20,2,2,0
0,-38,4,70,-2,0,0,-28,-14,-24,-3,20,2,2,0
0,-39,-7,67,-2,-1,0,-30,-14,-24,5,20,2,2,0
0,-33,-2,60,0,-1,-1,-29,-14,-24,1,20,2,2,0
0,-29,-3,59,1,0,-1,-26,-14,-24,2,20,2,2,0
0,-29,-1,63,3,-1,-1,-24,-14,-24,0,20,2,2,0
0,-31,6,58,4,-1,-1,-28,-14,-24,-5,20,2,2,0
0,-28,5,66,4,-1,-1,-23,-14,-24,-4,20,2,2,0
0,-29,8,63,6,-1,-1,-24,-13,-24,-7,20,2,2,0
0,-28,8,67,7,-1,-1,-22,-13,-23,-6,20,2,2,0
0,-29,0,67,9,-1,-1,-23,-13,-23,0,20,2,2,0
0,-27,-1,55,10,-1,-1,-26,-12,-23,1,20,2,2,0
0,-31,0,64,10,-1,-1,-26,-12,-22,0,20,2,2,0
0,-38,1,59,11,-1,-1,-33,-11,-22,0,20,2,2,0
0,-36,-1,54,12,-1,-2,-33,-11,-22,1,20,2,2,0
0,-32,3,44,14,-1,-2,-36,-10,-22,-3,20,2,2,0
0,-35,3,61,15,0,-2,-30,-10,-21,-2,20,2,2,0
0,-30,6,59,16,0,-2,-27,-9,-21,-5,20,1,2,0
0,-27,1,71,17,-1,-2,-20,-9,-20,0,20,1,2,0
0,-24,-4,48,19,-1,-2,-26,-8,-19,4,20,1,1,0
0,-20,-9,63,19,-1,-2,-17,-7,-19,8,20,2,1,0
0,-18,-4,72,21,-1,-2,-14,-6,-18,3,20,2,1,0
0,-16,-1,73,22,-1,-2,-12,-5,-17,0,21,2,1,0
0,-20,6,68,22,-2,-3,-16,-5,-16,-5,21,2,1,0
0,-7,2,75,25,-1,-2,-5,-4,-15,-1,21,1,1,0
0,-19,3,76,25,-1,-2,-14,-3,-14,-2,21,1,1,0
0,-19,-2,83,26,-1,-2,-12,-2,-13,1,21,1,1,0
0,-12,-7,60,26,-1,-2,-11,-1,-12,6,21,2,1,0
0,-12,-3,47,28,0,-2,-14,0,-10,3,21,2,1,0
0,-15,-11,41,28,0,-2,-20,1,-10,15,21,2,1,0
0,-19,-7,46,29,0,-2,-22,2,-9,8,21,2,0,0
0,-20,-8,63,29,-1,-3,-17,3,-8,7,21,2,0,0
0,-22,2,51,30,-1,-3,-23,4,-7,-2,21,2,0,0
0,-3,-2,48,31,-1,-3,-3,5,-6,2,21,2,0,0
0,-20,5,65,30,-1,-3,-17,6,-5,-4,21,2,0,0
0,2,5,71,31,-1,-3,1,8,-3,-4,21,2,0,0
0,4,0,84,31,-1,-3,2,9,-2,0,21,2,0,0
0,9,5,74,29,-2,-3,6,10,-1,-3,21,2,0,0
0,5,1,68,30,-1,-3,4,11,0,0,21,2,0,0
0,-7,0,65,29,-1,-4,-6,12,1,0,21,2,0,0
0,-9,-9,70,30,0,-4,-7,13,2,7,21,2,0,0
0,-3,-10,61,30,-1,-4,-2,15,3,9,21,2,0,0
0,2,-5,49,30,-1,-4,2,16,4,5,21,2,0,0
0,17,-1,58,31,-1,-3,16,17,5,0,21,2,0,0
0,19,6,91,30,-1,-2,11,18,6,-3,21,2,0,0
0,16,2,97,29,-1,-2,9,19,8,-1,21,2,0,0
0,18,3,90,29,-1,-3,11,20,9,-1,21,2,0,0
0,25,0,79,29,-2,-3,17,22,10,0,21,2,-1,0
0,24,-5,56,28,-1,-4,23,23,11,5,21,2,-1,0
0,27,-7,26,28,-1,-3,46,24,13,15,21,2,-1,0
0,29,-3,33,28,-1,-3,41,25,15,5,21,2,-1,0
0,24,0,52,28,-1,-2,24,26,16,0,21,2,-1,0
0,21,2,41,27,-1,-2,27,27,17,-2,21,2,-1,0
0,25,-8,54,26,-1,-2,25,28,18,8,21,2,-1,0
0,33,-3,54,26,-2,-2,31,29,20,3,22,2,-2,0
0,29,-5,49,25,-1,-3,30,30,21,5,22,2,-2,0
0,19,-1,39,24,-1,-3,26,31,22,1,22,2,-2,0
0,24,-7,38,24,-1,-2,32,32,23,10,22,3,-2,0
0,29,1,47,23,-1,-2,31,33,24,-1,22,3,-2,0
0,27,3,75,22,-1,-2,19,34,25,-2,22,2,-2,0
0,27,2,72,22,-1,-2,20,34,25,-1,22,2,-2,0
0,36,-2,66,20,-1,-2,28,35,26,1,22,2,-2,0
0,38,-4,60,19,-1,-2,32,36,27,3,22,2,-2,0
0,42,-2,56,18,-1,-2,37,37,28,2,22,2,-2,0
0,44,1,57,17,-1,-2,37,37,29,-1,22,2,-2,0
0,43,1,55,16,-1,-1,38,38,29,-1,22,2,-2,0
0,51,4,60,16,-1,-1,40,39,30,-3,22,2,-3,0
0,47,-9,49,14,-1,-1,43,39,31,10,22,2,-3,0
0,38,-6,54,13,-1,-2,35,40,32,6,22,3,-3,0
0,39,-18,52,12,-1,-2,37,40,32,19,22,3,-3,0
0,44,-14,46,11,-1,-2,43,40,33,16,22,3,-3,0
0,44,-11,43,9,-1,-1,45,41,33,14,22,3,-3,0
0,42,-8,37,8,-1,-1,48,41,34,12,22,4,-3,0
0,42,-6,35,8,-1,-1,50,41,35,9,22,4,-3,0
0,45,-3,38,7,-1,-1,49,42,35,4,22,4,-3,0
0,42,0,42,5,-1,-1,45,42,35,0,22,4,-3,0
0,48,-3,46,4,-1,-1,46,42,36,3,22,4,-3,0
0,43,1,43,3,0,-1,45,42,36,-1,22,4,-3,0
0,45,2,50,2,0,-1,42,42,36,-2,22,3,-3,0
0,47,-1,54,0,0,0,41,42,36,1,22,3,-3,0
0,43,0,60,-1,-1,0,35,42,36,0,22,3,-3,0
0,43,-1,57,-2,0,0,37,42,36,1,22,3,-3,0
0,44,1,53,-3,0,0,39,42,36,-1,22,3,-3,0
0,39,-1,49,-4,0,0,38,42,36,1,22,3,-3,0
0,41,5,57,-5,-1,0,35,42,36,-5,22,3,-3,0
0,46,7,58,-6,-1,0,38,41,36,-6,22,3,-3,0
0,38,4,64,-7,-1,0,30,41,35,-3,22,3,-3,0
0,39,2,57,-8,-1,0,34,41,35,-2,22,3,-3,0
0,42,0,50,-9,-1,0,40,40,35,0,22,3,-3,0
0,44,-3,52,-10,-1,0,40,40,34,3,22,3,-3,0
0,51,-5,61,-11,-1,0,40,40,34,4,22,3,-3,0
0,46,-3,72,-11,-1,0,32,39,34,2,22,3,-3,0
0,43,-7,56,-12,0,0,37,39,33,7,22,3,-3,0
0,37,-14,43,-13,0,0,40,38,33,18,22,3,-3,0
0,48,-13,30,-15,-1,0,57,38,33,23,22,3,-3,0
0,51,-13,38,-16,0,0,53,37,32,18,22,4,-3,0
0,47,-4,46,-17,0,1,45,36,32,4,22,4,-3,0
0,36,-1,43,-17,0,1,40,36,32,1,22,4,-3,0
0,33,-8,32,-18,0,1,46,35,31,14,22,4,-3,0
0,33,-8,34,-18,0,1,44,34,31,13,22,4,-3,0
0,29,-8,54,-20,0,1,28,33,30,8,22,4,-3,0
0,35,-3,70,-20,-1,1,26,33,29,2,22,4,-2,0
0,38,-3,72,-21,0,1,28,32,28,2,22,4,-2,0
0,31,-6,63,-22,0,1,26,31,27,5,22,4,-2,0
0,23,-1,48,-22,0,1,25,30,26,1,22,4,-2,0
0,24,-2,41,-23,0,1,30,29,26,2,22,4,-2,0
0,29,-1,58,-23,0,1,26,28,25,0,22,4,-2,0
0,40,3,62,-24,0,1,33,27,24,-2,22,4,-2,0
0,31,7,79,-24,-1,1,21,26,23,-5,23,4,-2,0
0,23,9,71,-24,0,1,18,25,22,-7,23,3,-2,0
0,16,2,50,-27,0,1,17,24,21,-2,23,3,-2,0
0,16,-2,63,-26,-1,1,14,23,20,1,23,3,-2,0
0,25,1,68,-28,0,1,20,22,19,0,23,3,-1,0
0,29,-6,83,-28,0,1,19,21,17,4,23,3,-1,0
0,30,-3,85,-27,0,2,19,20,16,2,23,3,-1,0
0,20,-11,71,-28,0,2,15,19,15,8,23,3,-1,0
0,7,-11,43,-28,0,2,9,18,14,14,23,3,-1,0
0,15,-14,26,-30,1,2,30,17,13,28,23,4,-1,0
0,30,-7,42,-30,0,2,35,16,13,9,23,4,-1,0
0,29,-7,55,-32,-1,1,28,14,12,7,23,4,-1,0
0,17,-3,62,-31,0,2,15,13,10,2,23,4,-1,0
0,12,2,45,-30,-1,1,14,12,9,-2,23,4,0,0
0,0,-3,48,-31,-1,2,0,11,8,3,23,4,0,0
0,5,2,58,-31,-1,2,4,9,7,-1,23,4,0,0
0,19,4,93,-32,0,2,11,8,6,-2,23,4,0,0
0,10,4,89,-32,0,2,6,7,4,-2,23,3,0,0
0,-1,3,72,-31,0,2,0,6,3,-2,23,3,0,0
0,-3,-6,56,-31,0,2,-3,5,2,6,23,3,0,0
0,0,-7,26,-32,0,2,0,3,0,15,23,4,0,0
0,6,1,34,-32,1,2,10,2,0,-1,23,3,0,0
0,-9,7,71,-31,-1,2,-7,1,-1,-5,23,3,0,0
0,-10,-4,73,-30,-1,2,-7,0,-2,3,23,3,0,0
0,-8,-1,68,-29,-1,2,-6,0,-3,0,23,3,0,0
0,-1,-8,65,-29,-1,2,0,-2,-4,7,23,3,0,0
0,-9,-8,55,-29,0,3,-9,-3,-6,8,23,3,0,0
0,-13,-9,55,-29,0,3,-13,-4,-7,9,23,4,0,0
0,-21,-3,40,-28,-1,2,-27,-5,-8,4,23,4,0,0
0,-21,2,44,-29,-1,1,-25,-6,-10,-2,23,3,1,0
0,-25,0,65,-28,0,2,-21,-7,-11,0,23,3,1,0
0,-37,3,81,-27,0,2,-24,-8,-12,-2,23,3,1,0
0,-28,9,86,-26,-1,1,-18,-9,-13,-5,23,3,1,0
0,-19,6,78,-25,0,2,-13,-10,-14,-4,23,3,1,0
0,-16,12,78,-24,-1,1,-11,-11,-15,-8,23,3,1,0
0,-28,3,78,-24,0,1,-19,-12,-16,-2,23,3,1,0
0,-34,-1,67,-24,-1,1,-27,-13,-17,0,23,3,1,0
0,-33,-4,56,-23,0,1,-30,-14,-18,4,23,3,1,0
0,-38,-6,45,-21,0,1,-40,-15,-20,7,23,3,2,0
0,-27,-11,25,-21,0,1,-47,-16,-21,23,23,3,2,0
0,-30,-6,33,-20,0,1,-42,-16,-22,10,23,3,2,0
0,-27,-4,42,-19,0,1,-33,-17,-23,5,23,3,2,0
0,-31,1,56,-18,0,1,-29,-18,-24,-1,23,3,2,0
0,-32,1,63,-18,-1,0,-27,-18,-25,0,23,3,2,0
0,-32,-5,54,-16,0,1,-30,-19,-25,5,23,3,2,0
0,-28,-7,51,-13,0,0,-29,-20,-26,7,23,3,2,0
0,-30,0,50,-12,-1,0,-31,-20,-26,0,23,3,2,0
0,-34,-1,50,-11,0,0,-34,-20,-27,1,23,3,2,0
0,-35,0,45,-11,-1,0,-38,-21,-28,0,23,3,2,0
0,-39,5,57,-9,-1,0,-34,-21,-28,-5,23,3,2,0
0,-42,2,56,-7,-1,0,-37,-22,-28,-2,23,3,2,0
0,-43,2,67,-6,-1,0,-32,-22,-29,-1,23,3,2,0
0,-42,0,62,-5,-1,0,-34,-22,-29,0,23,3,2,0
0,-34,-6,59,-4,-1,0,-30,-22,-29,5,23,3,2,0
0,-37,-2,55,-3,-1,0,-34,-22,-29,2,23,3,2,0
0,-35,-5,50,-2,0,-1,-35,-22,-30,5,23,3,3,0
0,-33,-1,50,0,0,0,-33,-22,-30,1,23,3,3,0
0,-33,3,53,1,-1,-1,-32,-22,-30,-3,23,3,3,0
0,-36,5,62,2,-1,-1,-30,-22,-30,-4,23,3,3,0
0,-36,7,64,4,-1,-1,-29,-22,-29,-6,23,2,2,0
0,-35,5,72,5,-1,-1,-26,-22,-29,-3,23,2,2,0
0,-35,0,63,6,-1,-1,-29,-22,-29,0,23,2,2,0
0,-28,5,59,8,-1,-1,-25,-21,-28,-4,23,2,2,0
0,-41,4,53,9,-1,-1,-37,-21,-28,-4,23,2,2,0
0,-35,4,55,11,-1,-2,-32,-20,-28,-4,23,2,2,0
0,-37,7,58,12,-1,-2,-32,-20,-28,-6,23,2,2,0
0,-36,10,58,12,-1,-2,-32,-19,-27,-9,23,2,2,0
0,-40,8,73,14,-1,-2,-28,-19,-27,-6,23,1,2,0
0,-35,8,75,14,-1,-2,-25,-18,-26,-6,23,1,2,0
0,-34,3,63,17,-1,-2,-28,-18,-25,-2,24,1,2,0
0,-34,2,63,18,-1,-2,-28,-17,-25,-1,24,1,2,0
0,-27,-2,55,19,-1,-2,-26,-16,-24,2,24,1,2,0
0,-28,-1,56,19,-1,-2,-26,-16,-23,1,24,1,2,0
0,-29,-5,58,21,-1,-2,-26,-15,-23,4,24,1,2,0
0,-28,2,52,21,-1,-2,-28,-14,-22,-2,24,1,2,0
0,-41,-1,66,22,-1,-2,-32,-13,-21,0,24,1,2,0
0,-33,-2,70,25,-1,-2,-25,-12,-20,1,24,1,2,0
0,-26,-4,52,24,-1,-2,-26,-11,-20,4,24,1,2,0
0,-21,-1,48,26,-2,-3,-23,-10,-19,1,24,1,1,0
0,-22,-8,57,27,-1,-2,-21,-9,-18,7,24,2,1,0
0,-15,-9,60,28,-2,-3,-14,-8,-16,8,24,2,1,0
0,-13,-8,71,28,0,-2,-10,-7,-15,6,24,2,1,0
0,-13,10,60,30,-1,-3,-12,-6,-14,-9,24,2,1,0
0,-14,6,82,30,-1,-3,-9,-4,-13,-4,24,2,1,0
0,-15,8,81,31,-2,-3,-10,-3,-12,-5,24,1,1,0
0,-18,2,78,31,-2,-3,-13,-2,-10,-1,24,1,1,0
0,-17,0,56,32,-2,-4,-16,-1,-9,0,24,1,0,0
0,-4,-6,47,36,0,-2,-4,0,-8,7,24,2,0,0
0,-22,-2,40,34,-1,-3,-29,1,-7,2,24,2,0,0
0,-20,-4,38,32,0,-3,-27,2,-6,6,24,2,0,0
0,0,-4,56,34,1,-3,0,4,-5,4,24,2,0,0
0,-7,-3,40,34,-1,-4,-9,5,-3,4,24,2,0,0
0,0,3,57,37,-2,-5,0,6,-2,-3,24,2,0,0
0,0,1,84,37,-1,-4,0,8,0,0,24,2,0,0
0,9,5,86,37,0,-3,5,9,0,-3,24,2,0,0
0,16,6,92,34,-1,-4,9,11,2,-3,24,1,0,0
0,23,13,74,35,-2,-4,17,12,3,-9,24,1,0,0
0,21,-3,66,34,-2,-4,17,13,5,2,24,1,0,0
0,16,-9,67,34,0,-3,13,15,6,7,24,1,0,0
0,-3,-11,58,35,0,-3,-2,16,7,10,24,2,0,0
0,12,-13,66,36,-1,-3,10,17,9,11,25,2,0,0
0,23,-1,49,35,-1,-3,25,19,10,1,25,2,-1,0
0,28,0,68,33,-1,-4,22,20,12,0,25,2,-1,0
0,26,-2,95,33,-1,-4,15,21,13,1,25,2,-1,0
0,23,0,75,33,-1,-3,17,22,15,0,25,2,-1,0
0,26,-2,75,32,-2,-3,19,24,16,1,25,2,-1,0
0,33,-3,61,30,-1,-3,28,25,17,2,25,2,-1,0
0,30,-2,33,30,-1,-3,42,26,19,3,25,2,-1,0
0,25,4,32,29,-1,-2,38,27,20,-7,25,2,-2,0
0,28,0,37,28,-1,-3,37,28,22,0,25,2,-2,0
0,38,-3,53,28,-1,-2,35,29,23,3,25,2,-2,0
0,30,8,70,26,-1,-2,23,30,24,-6,25,2,-2,0
0,29,-8,60,26,-1,-2,25,31,25,7,25,2,-2,0
0,36,-16,45,25,-1,-3,38,32,26,19,25,2,-2,0
0,39,-14,26,24,-1,-2,56,33,28,28,25,3,-2,0
0,36,-13,29,22,-1,-2,50,34,29,24,25,3,-2,0
0,43,-3,53,20,-1,-2,39,35,30,3,25,3,-3,0
0,47,-3,61,20,-1,-2,37,36,31,2,25,3,-3,0
0,44,-4,39,19,-1,-2,48,36,32,5,25,3,-3,0
0,40,-1,48,18,-1,-2,39,37,33,1,25,3,-3,0
0,40,1,55,17,-1,-2,36,38,33,-1,25,3,-3,0
0,40,7,61,15,-1,-2,33,38,34,-6,25,3,-3,0
0,41,3,69,14,-1,-2,30,39,34,-2,25,3,-3,0
0,41,9,63,13,-1,-2,33,39,35,-8,25,3,-3,0
0,42,0,64,11,-1,-1,33,40,35,0,25,3,-3,0
0,42,-2,63,10,-1,-1,33,40,36,1,25,3,-3,0
0,42,3,60,9,-1,-1,35,41,36,-2,25,2,-3,0
0,41,-4,56,8,-1,-1,36,41,36,4,25,3,-3,0
0,46,-6,51,6,-1,-1,42,41,37,6,25,3,-3,0
0,45,0,49,5,-1,-1,42,41,37,0,25,3,-3,0
0,45,-1,47,4,-1,-1,43,41,37,1,25,3,-3,0
0,50,-2,45,2,-1,-1,47,42,37,2,25,3,-3,0
0,53,-3,46,1,0,-1,48,42,38,3,25,3,-3,0
0,50,-8,32,0,0,-1,57,42,38,14,25,3,-3,0
0,53,-9,34,-2,0,-1,57,41,38,14,25,3,-3,0
0,49,-9,35,-3,0,0,54,41,38,14,25,3,-3,0
0,54,-8,48,-5,-1,0,48,41,38,9,26,3,-3,0
0,50,-11,46,-6,0,0,47,41,38,13,26,4,-3,0
0,47,-11,37,-7,-1,0,51,41,38,16,26,4,-3,0
0,45,-6,43,-8,-1,0,46,40,38,7,26,4,-3,0
0,44,-6,38,-9,-1,0,49,40,38,8,26,4,-3,0
0,40,-2,48,-10,0,0,39,40,38,2,26,4,-3,0
0,44,-4,49,-12,0,0,41,39,37,4,26,4,-3,0
0,45,2,44,-12,0,0,45,39,37,-2,26,4,-3,0
0,43,0,49,-13,0,0,41,38,36,0,26,4,-3,0
0,41,-3,44,-14,0,1,42,38,36,3,26,4,-3,0
0,43,-5,59,-16,-1,0,36,37,35,4,26,4,-3,0
0,48,-5,64,-16,-1,1,37,36,35,4,26,4,-3,0
0,46,1,70,-17,0,0,33,36,34,0,26,4,-3,0
0,38,2,57,-18,0,1,33,35,33,-2,26,4,-3,0
0,38,-4,43,-20,0,1,41,34,33,5,26,4,-3,0
0,36,-7,33,-21,0,1,47,33,32,12,26,4,-3,0
0,39,3,46,-22,0,1,40,32,32,-3,26,4,-3,0
0,50,9,59,-22,0,1,40,32,31,-8,26,3,-3,0
0,35,9,70,-22,0,2,26,31,30,-7,26,3,-3,0
0,31,8,57,-22,-1,1,28,30,29,-7,26,3,-2,0
0,23,7,52,-25,0,1,24,29,28,-7,26,3,-2,0
0,24,0,63,-25,0,1,20,28,27,0,26,3,-2,0
0,33,0,66,-26,0,1,26,27,26,0,26,3,-2,0
0,39,-2,84,-27,0,1,25,26,25,1,26,3,-2,0
0,27,-8,72,-27,0,1,20,25,24,6,26,3,-2,0
0,20,-7,52,-29,0,1,21,24,22,7,26,3,-2,0
0,23,-15,23,-29,0,2,45,22,22,33,26,3,-2,0
0,28,-7,34,-29,0,2,39,21,21,11,26,3,-2,0
0,38,-1,54,-28,0,2,35,20,20,1,26,3,-2,0
0,26,-5,61,-29,0,2,23,19,19,4,26,3,-1,0
0,17,-2,55,-30,0,1,17,18,18,2,26,3,-1,0
0,13,-3,36,-30,1,2,19,17,17,4,26,3,-1,0
0,14,-4,51,-29,-1,1,15,16,16,4,26,3,-1,0
0,14,2,74,-32,1,2,10,14,14,-1,26,3,-1,0
0,23,6,89,-31,0,2,14,13,13,-3,26,3,-1,0
0,18,3,87,-32,0,2,11,12,12,-1,26,3,-1,0
0,10,-4,73,-31,0,2,7,11,10,3,26,3,-1,0
0,9,-4,59,-31,0,2,8,9,9,3,26,3,0,0
0,4,-12,25,-32,1,2,9,8,8,25,26,3,0,0
0,12,4,45,-31,0,2,14,7,7,-5,26,3,0,0
0,10,9,77,-32,-1,1,7,6,6,-6,26,3,0,0
0,5,5,78,-34,0,1,3,4,4,-3,26,3,0,0
0,4,4,70,-34,-1,1,3,3,3,-3,26,3,0,0
0,5,4,69,-33,-1,1,4,2,2,-3,26,3,0,0
0,-1,-6,68,-33,-1,1,0,0,0,5,26,3,0,0
0,-5,-9,42,-31,-1,1,-6,0,0,12,26,3,0,0
0,-5,-6,37,-31,-1,2,-7,-1,-1,9,26,3,0,0
0,2,-1,57,-31,1,3,2,-2,-2,1,26,3,0,0
0,2,4,62,-30,-1,2,1,-3,-3,-3,26,3,0,0
0,-11,11,82,-30,0,3,-7,-5,-5,-7,26,3,0,0
0,-8,1,104,-28,-1,2,-4,-6,-6,0,26,3,0,0
0,-14,4,85,-29,0,2,-9,-7,-7,-2,26,2,0,0
0,-20,3,75,-26,-1,2,-14,-8,-8,-2,26,2,0,0
0,-29,3,52,-27,-1,1,-29,-9,-9,-3,26,2,0,0
0,-25,-10,52,-25,-1,2,-25,-10,-11,10,26,2,1,0
0,-34,-8,55,-25,-1,2,-31,-11,-12,8,26,3,1,0
0,-30,-12,54,-25,-1,1,-29,-12,-13,12,26,3,1,0
0,-27,-4,51,-24,0,1,-28,-13,-14,4,26,3,1,0
0,-23,0,53,-23,0,1,-23,-14,-16,0,26,3,1,0
0,-24,2,47,-22,-1,0,-27,-14,-17,-2,26,3,1,0
0,-19,1,54,-21,-1,1,-19,-15,-17,-1,26,3,1,0
0,-30,-2,65,-20,0,1,-24,-16,-18,1,26,3,1,0
0,-30,5,72,-19,0,1,-22,-17,-19,-3,26,2,1,0
0,-24,2,50,-18,0,1,-25,-17,-20,-2,26,2,2,0
0,-27,2,49,-18,0,1,-29,-18,-21,-2,26,2,2,0
0,-29,4,55,-18,0,0,-28,-19,-22,-4,26,2,2,0
0,-23,3,62,-17,0,0,-20,-19,-22,-2,26,2,2,0
0,-28,-4,66,-16,0,0,-23,-20,-23,3,26,2,2,0
0,-27,-1,53,-15,0,0,-27,-21,-23,1,26,2,2,0
0,-27,0,55,-13,-1,0,-26,-21,-24,0,26,2,2,0
0,-31,1,64,-12,-1,0,-26,-22,-24,0,26,2,2,0
0,-28,8,68,-11,-1,0,-22,-22,-25,-6,26,2,2,0
0,-41,9,72,-10,0,0,-29,-22,-25,-7,26,2,2,0
0,-34,4,72,-9,-1,0,-25,-23,-26,-3,26,1,2,0
0,-38,7,69,-8,-1,0,-29,-23,-26,-5,26,1,2,0
0,-38,0,66,-6,0,0,-30,-23,-26,0,26,1,2,0
0,-39,-2,61,-5,-1,0,-32,-24,-27,1,26,1,2,0
0,-42,1,51,-4,-1,0,-39,-24,-27,-1,26,1,2,0
0,-36,-3,49,-3,-1,-1,-36,-24,-27,3,26,1,2,0
0,-37,1,52,-2,-1,-1,-35,-24,-27,-1,26,1,2,0
0,-37,-1,60,-1,-1,-1,-31,-24,-28,0,26,1,2,0
0,-37,2,55,1,0,-1,-34,-24,-28,-2,26,1,2,0
0,-32,-3,60,2,-1,-1,-28,-24,-28,2,26,1,2,0
0,-29,-2,54,3,-1,-1,-28,-24,-27,2,26,1,2,0
0,-29,-6,49,4,-1,-1,-30,-23,-27,6,26,1,2,0
0,-31,0,47,5,-1,-1,-33,-23,-27,0,26,1,2,0
0,-38,-3,45,5,-1,-1,-40,-23,-27,3,26,1,2,0
0,-36,-1,50,7,-1,-1,-36,-23,-27,1,27,1,2,0
0,-35,0,43,9,-1,-1,-39,-22,-27,0,27,1,2,0
0,-42,3,63,10,0,-1,-33,-22,-27,-2,27,1,2,0
0,-40,-2,57,11,-1,-1,-35,-22,-26,2,27,1,2,0
0,-36,-5,57,12,-1,-2,-32,-21,-26,5,27,1,2,0
0,-33,-5,47,13,-1,-2,-35,-21,-26,6,27,2,2,0
0,-31,-9,51,14,-1,-2,-31,-20,-25,10,27,2,2,0
0,-37,-5,56,15,-1,-2,-33,-19,-25,5,27,2,2,0
0,-40,-1,52,17,-1,-2,-37,-19,-24,1,27,2,2,0
0,-34,-3,43,18,-1,-2,-38,-18,-24,3,27,2,2,0
0,-33,-3,54,19,-1,-2,-31,-17,-23,3,27,2,2,0
0,-38,-3,63,20,-1,-2,-31,-17,-23,2,27,2,2,0
0,-28,-3,66,21,-2,-3,-23,-16,-22,2,27,2,2,0
0,-30,-6,51,22,-1,-3,-30,-15,-21,6,27,2,2,0
0,-28,-4,41,24,-1,-2,-34,-14,-21,5,27,2,2,0
0,-25,-10,47,25,-1,-2,-28,-13,-20,12,27,2,2,0
0,-22,-9,44,27,0,-2,-26,-12,-19,11,27,3,1,0
0,-24,-6,46,27,-1,-3,-27,-11,-18,7,27,3,1,0
0,-24,-1,48,28,-1,-2,-26,-10,-17,1,27,3,1,0
0,-19,0,60,28,-1,-3,-17,-9,-16,0,27,3,1,0
0,-16,1,76,30,-1,-3,-11,-7,-15,0,27,3,1,0
0,-8,-3,87,32,-1,-3,-5,-6,-13,1,27,3,1,0
0,-1,3,72,30,-1,-3,0,-5,-12,-2,27,3,1,0
0,-13,2,67,33,-2,-3,-11,-4,-11,-1,27,2,1,0
0,-20,-1,70,34,-1,-3,-16,-2,-9,0,27,2,0,0
0,-6,-2,54,33,-1,-3,-6,-1,-8,2,27,2,0,0
0,-13,-1,54,33,-1,-3,-13,0,-7,1,27,2,0,0
0,-10,0,47,32,-2,-4,-12,0,-6,0,27,2,0,0
0,-17,8,63,32,0,-3,-15,2,-5,-7,27,2,0,0
0,-21,-2,72,35,0,-3,-16,3,-4,1,27,2,0,0
0,0,-5,64,35,1,-4,0,4,-2,4,27,2,0,0
0,2,2,57,32,-1,-4,2,6,-1,-2,27,2,0,0
0,13,-4,60,34,-2,-5,12,7,0,3,27,2,0,0
0,11,-4,84,34,-1,-4,7,8,1,2,27,2,0,0
0,3,-5,74,35,-1,-4,2,10,3,3,27,2,0,0
0,7,-7,63,34,-1,-3,6,11,4,6,28,2,0,0
0,11,-6,49,34,-1,-2,12,12,5,6,28,3,0,0
0,17,-8,36,34,-1,-3,25,14,7,12,28,3,0,0
0,20,-2,48,33,-1,-3,22,15,9,2,28,3,0,0
0,21,9,78,32,-1,-4,15,16,10,-6,28,3,-1,0
0,17,17,88,32,-1,-4,10,17,11,-10,28,2,-1,0
0,29,-3,77,32,-2,-4,20,19,12,2,28,2,-1,0
0,37,8,81,32,-1,-3,24,20,14,-5,28,2,-1,0
0,36,5,59,32,-1,-3,31,21,15,-4,28,2,-1,0
0,37,0,51,32,-1,-2,36,22,17,0,28,2,-1,0
0,25,2,46,31,-2,-2,28,24,18,-2,28,2,-1,0
0,17,-15,44,30,-2,-2,21,25,20,18,28,2,-2,0
0,30,-16,21,29,-1,-3,54,26,21,37,28,3,-2,0
0,28,-7,42,28,-1,-3,33,27,23,9,28,3,-2,0
0,35,3,61,26,0,-3,30,28,24,-2,28,3,-2,0
0,32,-7,43,26,-1,-3,36,29,25,9,28,3,-2,0
0,36,0,34,25,-1,-2,46,30,26,0,28,3,-2,0
0,32,2,58,24,-1,-2,29,31,27,-1,28,3,-2,0
0,35,7,68,23,-1,-2,27,32,28,-5,28,3,-2,0
0,41,5,68,23,-1,-2,31,33,29,-4,28,3,-2,0
0,53,4,73,22,-1,-2,31,33,30,-4,28,3,-3,0
0,56,-2,69,21,-1,-2,39,34,31,1,28,3,-3,0
0,48,1,60,19,0,-2,38,35,32,0,28,3,-3,0
0,44,-5,53,17,-1,-2,39,36,33,5,28,3,-3,0
0,45,-4,46,16,0,-2,44,36,33,4,28,3,-3,0
0,48,-6,48,15,-1,-1,45,37,34,7,28,3,-3,0
0,47,-5,61,13,-1,-1,37,37,35,4,28,3,-3,0
0,43,-3,54,12,-1,-1,38,38,35,3,28,3,-3,0
0,44,-5,46,11,-1,-1,43,38,36,6,28,3,-3,0
0,43,-6,33,10,-1,-1,52,39,37,10,28,3,-3,0
0,42,-4,37,8,-1,-1,48,39,37,6,28,3,-3,0
0,49,-12,36,7,-1,-1,53,39,38,18,28,4,-3,0
0,51,-11,37,6,-1,-1,53,39,38,16,29,4,-3,0
0,51,-9,35,5,-1,-1,55,40,39,14,29,4,-3,0
0,52,-7,32,3,-1,-1,58,40,39,12,29,4,-3,0
0,53,-9,33,2,0,-1,57,40,40,15,29,5,-4,0
0,48,-7,29,1,0,-1,58,40,40,13,29,5,-4,0
0,47,-5,38,-1,0,-1,50,40,40,7,29,5,-4,0
0,51,-5,32,-2,0,0,57,40,40,8,29,5,-4,0
0,47,-1,41,-4,-1,0,48,40,40,1,29,5,-4,0
0,47,1,42,-5,-1,0,48,39,40,-1,29,5,-4,0
0,47,1,38,-6,0,0,50,39,40,-1,29,5,-4,0
0,41,1,41,-7,-1,0,45,39,40,-1,29,4,-4,0
0,45,0,41,-9,-1,0,47,38,40,0,29,4,-4,0
0,41,-2,57,-10,-1,0,35,38,39,2,29,4,-3,0
0,48,2,65,-12,0,0,36,38,39,-1,29,4,-3,0
0,43,-2,54,-12,-1,0,38,37,38,2,29,4,-3,0
0,42,-3,40,-14,-1,0,46,37,38,4,29,4,-3,0
0,46,2,47,-14,-1,1,44,36,38,-2,29,4,-3,0
0,53,10,58,-15,-1,1,42,35,37,-9,29,4,-3,0
0,45,7,63,-16,-1,1,35,35,36,-6,29,4,-3,0
0,42,3,59,-16,0,1,35,34,36,-2,29,3,-3,0
0,35,2,37,-18,0,0,43,33,35,-3,29,3,-3,0
0,39,2,37,-19,0,1,46,33,35,-3,29,3,-3,0
0,41,-1,54,-20,0,0,37,32,34,1,29,3,-3,0
0,46,-4,65,-22,0,1,35,31,33,3,29,3,-3,0
0,37,-1,79,-23,0,1,25,30,32,0,29,3,-3,0
0,35,-13,58,-23,-1,1,31,29,31,12,29,3,-3,0
0,28,-12,39,-24,0,1,35,28,30,17,29,4,-3,0
0,31,-12,22,-25,0,1,54,27,30,28,29,4,-3,0
0,39,-12,20,-26,-1,1,62,26,29,31,29,5,-2,0
0,47,-5,40,-26,0,1,49,25,29,7,29,5,-2,0
0,44,-4,52,-26,0,1,40,24,28,4,29,5,-2,0
0,40,-1,55,-27,0,1,36,23,27,1,29,4,-2,0
0,26,-1,35,-28,0,1,36,22,26,1,29,4,-2,0
0,31,-7,43,-30,0,2,36,21,25,9,29,5,-2,0
0,29,-7,61,-30,0,2,25,20,24,6,29,5,-2,0
0,26,-2,72,-30,0,2,19,19,23,1,29,4,-2,0
0,22,-3,73,-31,0,2,16,17,21,2,29,4,-2,0
0,24,-7,64,-31,0,2,20,16,20,6,29,4,-2,0
0,12,-8,63,-31,0,2,10,15,19,7,29,4,-1,0
0,12,-3,60,-32,0,2,11,14,17,2,29,4,-1,0
0,16,-4,62,-34,-1,2,14,12,16,3,29,4,-1,0
0,22,1,62,-33,1,2,19,11,15,0,29,4,-1,0
0,24,1,47,-32,0,2,27,10,14,-1,29,4,-1,0
0,13,6,66,-33,-1,2,11,9,13,-5,29,4,-1,0
0,3,6,50,-33,0,2,3,7,11,-6,29,4,-1,0
0,9,7,68,-34,-1,2,7,6,10,-5,29,4,-1,0
0,4,0,78,-33,0,2,2,5,8,0,29,3,0,0
0,5,6,86,-34,0,2,3,3,7,-3,29,3,0,0
0,14,4,94,-34,0,2,8,2,6,-2,29,3,0,0
0,11,-11,87,-34,0,2,7,1,4,7,29,3,0,0
0,1,-12,49,-34,0,2,1,0,3,13,29,3,0,0
0,0,-14,43,-33,0,2,0,-1,2,18,29,4,0,0
0,-6,-8,35,-33,-1,1,-9,-2,0,12,29,4,0,0
0,5,-8,45,-33,-1,2,6,-4,0,10,29,4,0,0
0,-10,-4,57,-33,0,2,-9,-5,-2,4,29,4,0,0
0,-7,6,68,-32,0,2,-5,-6,-3,-5,29,4,0,0
0,-3,4,82,-32,0,2,-2,-7,-4,-2,29,4,0,0
0,-3,-2,81,-31,0,2,-2,-8,-5,1,29,4,0,0
0,-16,1,74,-30,0,3,-12,-10,-6,0,29,4,0,0
0,-9,4,70,-29,-1,2,-7,-11,-7,-3,29,3,0,0
0,-23,6,50,-28,-1,2,-24,-12,-9,-6,29,3,0,0
0,-21,0,48,-27,0,3,-23,-13,-10,0,29,3,1,0
0,-18,0,63,-28,-1,2,-16,-14,-11,0,29,3,1,0
0,-33,-9,69,-26,0,2,-25,-15,-13,7,29,3,1,0
0,-36,0,61,-26,0,1,-30,-16,-14,0,29,3,1,0
0,-23,5,58,-25,0,1,-21,-17,-15,-4,29,3,1,0
0,-26,7,66,-26,0,1,-21,-18,-16,-6,29,3,1,0
0,-28,3,67,-25,0,1,-22,-19,-17,-2,29,3,1,0
0,-32,-2,70,-25,-1,1,-24,-20,-18,1,29,3,1,0
0,-37,1,64,-24,0,1,-30,-21,-19,0,29,3,1,0
0,-31,0,61,-23,0,1,-27,-22,-20,0,29,2,2,0
0,-29,-3,36,-22,0,1,-39,-23,-22,4,29,2,2,0
0,-27,-6,44,-21,0,1,-31,-23,-23,7,29,3,2,0
0,-27,-1,58,-20,0,1,-25,-24,-23,0,29,3,2,0
0,-26,-4,50,-21,-1,0,-27,-25,-24,4,29,3,2,0
0,-22,-4,53,-20,-1,0,-22,-26,-25,4,29,3,2,0
0,-34,-4,45,-18,-1,0,-37,-27,-26,5,29,3,2,0
0,-29,-2,45,-17,-1,0,-33,-27,-27,2,29,3,2,0
0,-35,0,49,-16,-1,1,-35,-28,-27,0,29,3,2,0
0,-38,-3,65,-14,0,1,-30,-28,-28,2,29,3,2,0
0,-39,6,72,-13,0,0,-28,-29,-29,-4,29,2,2,0
0,-45,-1,63,-12,-1,0,-35,-29,-29,0,29,2,2,0
0,-45,-3,60,-11,-1,0,-37,-30,-30,2,29,2,3,0
0,-42,4,54,-10,0,0,-38,-30,-30,-4,29,2,3,0
0,-41,-2,54,-8,-1,0,-37,-30,-31,2,29,2,3,0
0,-44,-2,42,-7,0,0,-46,-31,-31,2,29,2,3,0
0,-43,2,57,-5,0,0,-37,-31,-31,-2,29,2,3,0
0,-38,1,57,-5,0,0,-33,-31,-32,-1,29,2,3,0
0,-40,4,60,-3,0,-1,-33,-31,-32,-3,29,2,3,0
0,-37,4,60,-2,-1,-1,-31,-31,-32,-3,29,2,3,0
0,-36,-2,59,-1,-1,-1,-31,-31,-32,1,29,2,3,0
0,-34,2,51,0,0,-1,-33,-31,-32,-2,29,2,3,0
0,-36,-1,49,2,-1,-1,-36,-31,-32,1,29,2,3,0
0,-38,-1,50,4,-1,-1,-37,-31,-32,1,30,2,3,0
0,-40,9,58,5,-1,-1,-34,-31,-32,-8,30,2,3,0
0,-41,7,54,6,-1,-1,-37,-31,-32,-7,30,1,3,0
0,-44,7,66,8,-1,-1,-33,-30,-31,-6,30,1,3,0
0,-43,9,71,10,-1,-1,-31,-30,-31,-7,30,1,3,0
0,-41,-2,68,11,-1,-1,-31,-29,-30,1,30,1,3,0
0,-35,6,53,13,-1,-2,-33,-29,-30,-6,30,1,3,0
0,-36,11,62,14,-1,-2,-30,-28,-29,-10,30,1,2,0
0,-38,9,60,15,-1,-2,-32,-28,-29,-8,30,1,2,0
0,-36,9,63,16,-1,-2,-29,-27,-28,-8,30,1,2,0
0,-29,9,67,17,-1,-2,-23,-27,-28,-7,30,0,2,0
0,-31,7,73,19,-1,-2,-23,-26,-27,-5,30,0,2,0
0,-24,5,75,19,-1,-2,-17,-25,-26,-3,30,0,2,0
0,-27,4,67,20,0,-2,-22,-24,-25,-3,30,0,2,0
0,-26,5,60,20,-1,-2,-23,-23,-24,-4,30,0,2,0
0,-28,3,59,20,-1,-3,-25,-23,-23,-2,30,0,2,0
0,-33,0,56,24,-1,-2,-30,-22,-23,0,30,0,2,0
0,-32,-2,61,24,-1,-2,-27,-21,-22,1,30,0,2,0
0,-35,6,53,24,-1,-2,-33,-20,-21,-6,30,0,2,0
0,-36,8,54,25,-1,-2,-33,-19,-20,-8,30,0,2,0
0,-44,4,69,26,-1,-3,-32,-18,-20,-3,30,0,2,0
0,-33,-2,70,26,-1,-2,-25,-17,-19,1,30,0,1,0
0,-19,-4,55,27,-1,-2,-19,-16,-18,4,30,0,1,0
1,-31,2,49,28,-2,-3,-32,-15,-17,-2,30,0,1,0
