0,40,-2,51,0,0,-1,38,0,37,2,0,3,1
0,40,-2,51,0,-1,-1,38,0,37,2,0,3,1
0,40,-2,51,0,-1,-1,38,0,37,2,0,3,1
0,40,-2,51,0,-1,-1,38,0,37,2,0,3,1
0,40,-2,51,-1,-1,-1,38,0,37,2,0,3,1
0,40,-2,51,0,-1,-1,38,0,37,2,0,3,1
0,40,-2,51,0,-1,-1,38,0,37,2,0,3,1
0,40,-2,51,0,-1,-1,38,0,37,2,0,3,1
0,40,-2,51,-1,-1,-1,38,0,37,2,0,3,1
0,40,-2,51,0,0,-1,38,0,37,2,0,3,1
0,40,-2,51,0,-1,0,38,0,37,2,0,3,1
0,40,-2,52,0,-1,-1,37,0,37,2,0,3,1
0,40,-3,51,-1,-1,-1,38,0,37,3,0,3,1
0,40,-2,51,0,-1,-1,38,0,37,2,0,3,1
0,40,-2,51,0,-1,-1,38,0,37,2,0,3,1
0,40,-2,51,0,-1,0,38,0,37,2,0,3,1
0,40,-2,51,0,-1,0,38,0,37,2,0,3,1
0,40,-2,51,0,-1,-1,38,0,37,2,0,3,1
0,40,-2,51,-1,-1,-1,38,0,37,2,0,3,1
0,40,-2,52,-1,-1,-1,37,0,37,2,0,3,1
0,40,-2,51,0,-1,-1,38,0,37,2,0,3,1
0,40,-2,51,0,-1,0,38,0,37,2,0,3,1
0,40,-2,51,0,-1,-1,38,0,37,2,0,3,1
0,40,-2,51,0,-1,-1,38,0,37,2,0,3,1
0,40,-2,51,-1,-1,-1,38,0,37,2,0,3,1
0,40,-2,51,-1,-1,-1,38,0,37,2,0,3,1
0,40,-2,51,-1,-1,-1,38,0,37,2,0,3,1
0,40,-2,51,0,-1,0,38,0,37,2,0,3,1
0,40,-2,51,-1,-1,-1,38,0,37,2,0,3,1
0,40,-2,52,0,-1,-1,37,0,37,2,0,3,1
0,40,-2,51,0,-1,-1,38,0,37,2,0,3,1
0,40,-2,51,0,-1,-1,38,0,37,2,0,3,1
0,40,-2,51,0,-1,0,38,0,37,2,0,3,1
0,40,-2,51,-1,-1,-1,38,0,37,2,0,3,1
0,40,-2,51,0,-1,-1,38,0,37,2,0,3,1
0,40,-2,52,-1,-1,-1,37,0,37,2,1,3,1
0,40,-2,51,0,-1,-1,38,0,37,2,1,3,1
0,40,-2,52,0,-1,0,37,0,37,2,1,3,1
0,40,-2,51,-1,-1,0,38,0,37,2,1,3,1
0,40,-2,51,0,-1,0,38,0,37,2,1,3,1
0,40,-2,51,0,-1,-1,38,0,37,2,1,3,1
0,40,-2,51,0,-1,-1,38,0,37,2,1,3,1
0,40,-3,52,0,-1,-1,37,0,37,3,1,3,1
0,40,-2,51,0,-1,-1,38,0,37,2,1,3,1
0,39,-2,51,-1,0,-1,37,0,37,2,1,3,1
0,40,-2,51,0,-1,-1,38,0,37,2,1,3,1
0,40,-2,52,0,-1,0,37,0,37,2,1,3,1
0,40,-3,51,0,0,-1,38,0,37,3,1,3,1
0,40,-1,52,0,-1,-1,37,0,37,1,1,3,1
0,40,-2,51,0,-1,-1,38,0,37,2,1,3,1
0,40,-4,50,0,-1,-1,38,0,37,4,1,3,1
0,39,0,52,-1,-1,0,37,0,37,0,1,3,1
0,40,-4,50,0,-1,-1,38,0,37,4,1,3,1
0,41,-1,51,0,-1,0,39,0,37,1,1,3,1
0,40,-1,50,0,-1,-1,38,0,37,1,1,3,1
0,39,-5,52,0,-1,-1,37,0,37,5,1,3,1
0,40,0,51,0,-1,-1,38,0,37,0,1,3,1
0,39,-3,51,0,-1,-1,37,0,37,3,1,3,1
0,39,-2,52,-1,-1,-1,37,0,37,2,1,3,1
0,41,-2,52,-1,0,0,38,0,37,2,1,3,1
0,40,-3,50,-1,-1,-1,38,0,37,3,1,3,1
0,40,-2,50,0,-1,0,38,0,37,2,1,3,1
0,41,-1,51,0,-1,-1,39,0,37,1,1,3,1
0,39,-3,53,0,-1,0,36,0,37,3,1,3,1
0,41,-2,52,0,0,-1,38,0,37,2,1,3,1
0,40,-1,52,-1,-1,-1,37,0,37,1,1,3,1
0,39,-2,51,0,-1,0,37,0,37,2,1,3,1
0,41,-3,51,0,-1,-1,39,0,37,3,1,3,1
0,41,0,51,0,-1,-1,39,0,37,0,1,3,1
0,40,-2,52,-1,-1,-1,37,0,37,2,1,3,1
0,39,-1,50,-1,0,-1,38,0,37,1,1,3,1
0,38,-2,49,0,-1,-1,38,0,37,2,1,3,1
0,40,-2,52,0,-1,-1,37,0,37,2,1,3,1
0,42,-5,50,0,0,0,40,0,37,5,1,3,1
0,41,0,54,-1,-1,-1,37,0,37,0,2,3,1
0,40,-3,49,-1,0,-1,39,0,37,3,2,3,1
0,39,-2,55,0,-1,-1,35,0,37,2,2,3,1
0,40,-3,47,0,-1,-1,40,0,37,3,2,3,1
0,41,-2,53,0,-1,0,37,0,37,2,2,3,1
0,40,-2,51,0,-1,-1,38,0,37,2,2,3,1
0,40,-2,50,0,-1,-1,38,0,37,2,2,3,1
0,39,-3,50,0,-1,-1,38,0,37,3,2,3,1
0,39,-3,54,0,-1,-1,36,0,37,3,2,3,1
0,40,-3,53,0,0,-1,37,0,37,3,2,3,1
0,39,-5,51,-1,-1,-1,37,0,37,5,2,3,1
0,41,0,51,-1,-1,0,39,0,37,0,2,3,1
0,39,-1,51,-1,-1,-1,37,0,37,1,2,3,1
0,39,-3,52,0,0,-1,37,0,37,3,2,3,1
0,42,-2,50,0,-1,-1,40,0,37,2,2,3,1
0,40,-1,50,0,-1,0,38,0,37,1,2,3,1
0,41,-3,50,-1,-1,-1,39,0,37,3,2,3,1
0,40,-2,49,-1,-1,-1,39,0,37,2,2,3,1
0,40,-2,52,-1,-1,-1,37,0,37,2,2,3,1
0,40,0,51,0,-1,-1,38,0,37,0,2,3,1
0,42,-2,52,0,-1,-1,39,0,37,2,2,3,1
0,40,-1,53,0,-1,-1,37,0,37,1,2,3,1
0,39,-2,51,-1,-1,-1,37,0,37,2,2,3,1
0,41,-2,50,-1,0,-1,39,0,37,2,2,3,1
0,39,-1,50,-1,-1,0,38,0,37,1,2,3,1
0,39,-2,51,0,-1,0,37,0,37,2,2,3,1
0,41,-2,51,0,-1,-1,39,0,37,2,2,3,1
0,40,0,52,0,-1,-1,37,0,37,0,2,3,1
0,41,-3,54,0,-1,-1,37,0,37,3,2,3,1
0,41,-1,52,0,-1,-1,38,0,37,1,2,3,1
0,41,-2,51,-1,0,-1,39,0,37,2,2,3,1
0,38,-2,52,0,-1,-1,36,0,37,2,2,3,1
0,41,-4,51,0,-1,0,39,0,37,4,2,3,1
0,41,-2,50,0,-1,0,39,0,37,2,2,3,1
0,40,-2,51,0,-1,-1,38,0,37,2,2,3,1
0,40,-4,52,-1,0,-1,37,0,37,4,2,3,1
0,40,-1,53,-1,0,-1,37,-1,37,1,2,3,1
0,40,-2,51,0,-1,-1,38,-1,37,2,2,3,1
0,40,-3,51,0,0,-1,38,-1,37,3,2,3,1
0,41,-2,51,0,-1,-1,39,-1,37,2,2,3,1
0,40,-4,53,0,-1,-1,37,-1,37,4,2,3,1
0,40,-1,52,-1,-1,0,37,-1,37,1,3,3,1
0,40,-2,50,0,-1,0,38,-1,37,2,3,3,1
0,39,-2,51,0,-1,-1,37,-1,37,2,3,3,1
0,41,-3,52,-1,0,-1,38,-1,37,3,3,3,1
0,40,-3,49,-1,-1,-1,39,-1,37,3,3,3,1
0,41,-1,51,0,-1,-1,39,-1,37,1,3,3,1
0,40,-1,52,0,-1,0,37,-1,37,1,3,3,1
0,39,-2,54,0,-1,-1,36,-1,37,2,3,3,1
0,40,-2,52,-1,-1,-1,37,-1,37,2,3,3,1
0,40,-1,50,-1,0,-1,38,-1,37,1,3,3,1
0,40,-1,52,-1,-1,-1,37,-1,37,1,3,3,1
0,40,-3,51,0,-1,-1,38,-1,37,3,3,3,1
0,40,-3,52,-1,-1,0,37,-1,37,3,3,3,1
0,39,0,51,0,-1,-1,37,-1,37,0,3,3,1
0,40,-2,51,0,0,-1,38,-1,37,2,3,3,1
0,42,-2,55,-1,-1,-1,37,-1,37,2,3,3,1
0,39,-2,52,0,-1,-1,37,-1,37,2,3,3,1
0,40,-3,51,0,-1,-1,38,-1,37,3,3,3,1
0,39,0,52,0,-1,-1,37,-1,37,0,3,3,1
0,40,0,52,0,-1,0,37,-1,37,0,3,3,1
0,40,-2,49,0,-1,-1,39,-1,37,2,3,3,1
0,41,-4,50,-1,-1,-1,39,-1,37,4,3,3,1
0,40,-3,51,-1,-1,-1,38,-1,37,3,3,3,1
0,40,-3,51,-1,-1,0,38,-1,37,3,3,3,1
0,41,-5,52,0,-1,-1,38,-1,37,5,3,3,1
0,41,-1,54,0,-1,-1,37,-1,37,1,3,3,1
0,39,-2,54,-1,-1,-1,36,-1,37,2,3,3,1
0,40,-3,49,-1,-1,-1,39,-1,37,3,3,3,1
0,40,-1,53,0,-1,0,37,-1,37,1,3,3,1
0,39,-2,54,0,-1,-1,36,-1,37,2,3,3,1
0,40,-4,50,0,-1,-1,38,-1,37,4,3,3,1
0,40,-2,50,0,-1,-1,38,-1,37,2,3,3,1
0,41,-3,50,-1,-1,0,39,-1,37,3,3,3,1
0,40,-2,53,-1,-1,-1,37,-1,37,2,3,3,1
0,40,-2,52,-1,-1,-1,37,-1,37,2,3,3,1
0,39,-2,51,0,-1,-1,37,-1,37,2,3,3,1
0,41,-2,51,0,0,0,39,-1,37,2,3,3,1
0,40,-3,50,0,-1,0,38,-1,37,3,3,3,1
0,39,-3,55,-1,-1,-1,35,-1,37,3,4,3,1
0,38,-3,50,-1,-1,-1,37,-1,37,3,4,3,1
0,41,-2,49,0,-1,0,40,-1,37,2,4,3,1
0,41,-1,51,0,-1,-1,39,-1,37,1,4,3,1
0,38,-3,55,0,-1,-1,34,-1,37,3,4,3,1
0,38,-1,49,0,-1,-1,38,-1,37,1,4,3,1
0,38,-3,51,-1,-1,-1,36,-1,37,3,4,3,1
0,40,-1,56,0,-1,0,35,-1,37,1,4,3,1
0,40,-2,50,0,-1,-1,38,-1,37,2,4,3,1
0,40,-2,53,0,-1,-1,37,-1,37,2,4,3,1
0,38,-1,55,0,-1,0,34,-1,37,1,4,3,1
0,40,-3,49,-1,0,-1,39,-1,37,3,4,3,1
0,41,-3,54,-1,-1,-1,37,-1,36,3,4,3,1
0,41,-1,51,-1,-1,0,39,-1,36,1,4,3,1
0,40,-2,51,0,0,-1,38,-1,36,2,4,3,1
0,40,-3,53,0,0,-1,37,-1,36,3,4,3,1
0,42,-2,53,0,-1,0,38,-1,37,2,4,3,1
0,40,-1,52,-1,-1,-1,37,-1,36,1,4,3,1
0,38,-4,51,-1,-1,-1,36,-1,36,4,4,3,1
0,40,-2,53,-1,-1,0,37,-1,36,2,4,3,1
0,40,-2,50,0,-1,-1,38,-1,36,2,4,3,1
0,39,-4,50,0,-1,-1,38,-1,36,4,4,3,1
0,41,-3,53,0,-1,-1,37,-1,36,3,4,3,1
0,41,-2,50,-1,0,-1,39,-1,36,2,4,3,1
0,40,0,52,-1,-1,-1,37,-1,36,0,4,3,1
0,41,0,52,-1,-1,0,38,-1,36,0,4,3,1
0,39,-4,53,0,-1,0,36,-1,36,4,4,3,1
0,40,-3,52,0,-1,-1,37,-1,36,3,4,3,1
0,40,-2,55,-1,-1,0,36,-1,36,2,4,3,1
0,41,-3,51,-1,0,-1,39,-1,36,3,4,3,1
0,39,-2,51,0,0,-1,37,-1,36,2,4,3,1
0,40,-2,48,0,-1,0,39,-1,36,2,4,3,1
0,40,-3,52,0,-1,-1,37,-1,36,3,4,3,1
0,41,-1,52,0,-1,-1,38,-1,36,1,4,3,1
0,39,-1,52,-1,0,-1,37,-1,36,1,4,3,1
0,40,-3,51,-1,-1,-1,38,-1,36,3,4,3,1
0,41,-3,51,0,-1,-1,39,-1,36,3,4,3,1
0,41,-2,53,0,-1,0,37,-1,36,2,4,3,1
0,40,-3,52,0,0,-1,37,-1,36,3,4,3,1
0,39,-2,49,0,-1,-1,38,-1,36,2,4,3,1
0,42,-1,51,0,-1,0,39,-1,37,1,4,3,1
0,39,-3,53,-1,-1,-1,36,-2,36,3,5,3,1
0,40,-1,52,0,-1,-1,37,-2,36,1,5,3,1
0,40,0,50,0,-1,0,38,-2,37,0,5,3,1
0,40,-3,50,0,-1,-1,38,-2,37,3,5,3,1
0,41,-3,52,-1,-1,-1,38,-2,37,3,5,3,1
0,40,0,51,-1,-1,-1,38,-2,37,0,5,3,1
0,39,-4,51,-1,-1,-1,37,-2,36,4,5,3,1
0,40,-4,50,0,-1,0,38,-2,37,4,5,3,1
0,41,0,50,0,-1,-1,39,-2,37,0,5,3,1
0,39,-3,53,-1,-1,-1,36,-2,36,3,5,3,1
0,38,0,51,0,-1,-1,36,-2,36,0,5,3,1
0,41,-5,47,-1,-1,0,41,-2,37,6,5,3,1
0,39,-3,51,0,-1,-1,37,-2,37,3,5,3,1
0,39,-1,54,0,-1,-1,36,-2,37,1,5,3,1
0,40,-3,48,-1,-1,0,39,-2,37,3,5,3,1
0,39,-4,48,0,-1,-1,39,-2,37,4,5,3,1
0,40,0,52,0,-1,-1,37,-2,37,0,5,3,1
0,41,-3,49,-1,-1,0,40,-2,37,3,5,3,1
0,39,-2,50,0,-1,-1,38,-2,37,2,5,3,1
0,39,-1,53,0,-1,-1,36,-2,37,1,5,3,1
0,41,-3,50,-1,-1,0,39,-2,37,3,5,3,1
0,40,-2,52,-1,-1,-1,37,-2,37,2,5,3,1
0,40,-1,51,-1,-1,-1,38,-2,37,1,5,3,1
0,39,-1,50,-1,-1,-1,38,-2,37,1,5,3,1
0,39,-3,50,0,-1,-1,38,-2,37,3,5,3,1
0,41,-2,53,0,-1,-1,37,-2,37,2,5,3,1
0,40,-3,48,-1,0,0,39,-2,37,3,5,3,1
0,39,-1,51,0,-1,-1,37,-2,37,1,5,3,1
0,41,-2,53,0,-1,0,37,-2,37,2,5,3,1
0,41,-3,51,0,-1,-1,39,-2,37,3,5,3,1
0,40,-2,52,0,-1,-1,37,-2,37,2,5,3,1
0,39,-2,53,-1,-1,-1,36,-2,37,2,5,3,1
0,41,-2,49,-1,-1,-1,40,-2,37,2,5,3,1
0,41,-2,53,0,-1,-1,37,-2,37,2,5,3,1
0,41,-1,56,-1,-1,0,36,-2,37,1,6,3,1
0,40,-3,49,0,-1,-1,39,-2,37,3,6,3,1
0,39,-3,50,0,0,-1,38,-2,37,3,6,3,1
0,40,-2,51,0,-1,0,38,-2,37,2,6,3,1
0,39,-2,52,-1,-1,-1,37,-2,37,2,6,3,1
0,40,1,50,0,-1,-1,38,-2,37,-1,6,3,1
0,41,-3,51,0,-1,0,39,-2,37,3,6,3,1
0,40,-2,52,0,-1,-1,37,-2,37,2,6,3,1
0,38,-1,50,-1,-1,-1,37,-2,37,1,6,3,1
0,40,-4,51,-1,-1,-1,38,-2,37,4,6,3,1
0,40,-4,50,0,-1,-1,38,-2,37,4,6,3,1
0,41,-1,51,0,-1,-1,39,-2,37,1,6,3,1
0,41,-4,50,0,-1,-1,39,-2,37,4,6,3,1
0,39,-3,52,0,-1,-1,37,-2,37,3,6,3,1
0,39,-1,52,0,-1,-1,37,-2,37,1,6,3,1
0,41,-2,50,-1,0,0,39,-2,37,2,6,3,1
0,39,-3,54,0,-1,-1,36,-2,37,3,6,3,1
0,40,0,51,0,-1,0,38,-2,37,0,6,3,1
0,39,-2,50,0,-1,0,38,-2,37,2,6,3,1
0,41,-5,49,-1,-1,-1,40,-2,37,5,6,3,1
0,41,-2,54,0,-1,0,37,-2,37,2,6,3,1
0,40,-2,51,-1,-1,-1,38,-2,37,2,6,3,1
0,40,-3,50,0,-1,-1,38,-2,37,3,6,3,1
0,42,-2,53,0,-1,0,38,-2,37,2,6,3,1
0,39,-3,51,-1,-1,-1,37,-2,37,3,6,3,1
0,40,-2,51,0,-1,-1,38,-2,37,2,6,3,1
0,40,0,54,0,-1,-1,36,-2,37,0,6,3,1
0,39,-3,49,-1,0,-1,38,-2,37,3,6,3,1
0,41,-3,50,0,-1,-1,39,-2,37,3,6,3,1
0,40,-1,56,-1,0,0,35,-2,37,1,6,3,1
0,42,-3,50,0,-1,-1,40,-2,37,3,6,3,1
0,41,-2,49,0,-1,0,40,-2,37,2,6,3,1
0,40,-2,53,-1,-1,-1,37,-2,37,2,6,3,1
0,40,-1,51,-1,-1,-1,38,-2,37,1,6,3,1
0,40,-1,52,0,-1,-1,37,-2,37,1,6,3,1
0,41,-2,50,0,-1,0,39,-2,37,2,6,3,1
0,41,-4,52,0,-1,-1,38,-2,37,4,6,3,1
0,38,1,52,0,-1,-1,36,-2,37,-1,6,3,1
0,40,-4,48,-1,-1,-1,39,-2,37,4,7,3,1
0,42,-2,52,-1,0,-1,39,-2,37,2,7,3,1
0,40,0,53,0,-1,0,37,-2,37,0,7,3,1
0,40,-3,49,0,-1,0,39,-2,37,3,7,3,1
0,40,-3,51,0,-1,-1,38,-2,37,3,7,3,1
0,41,-2,47,0,-1,0,41,-2,37,2,7,3,1
0,39,-3,52,-1,-1,-1,37,-2,37,3,7,3,1
0,40,-3,51,0,0,-1,38,-2,37,3,7,3,1
0,41,-1,51,0,-1,0,39,-2,37,1,7,3,1
0,40,-2,53,-1,0,0,37,-2,37,2,7,3,1
0,41,-3,51,-1,-1,-1,39,-2,37,3,7,3,1
0,42,-1,51,-1,-1,0,39,-2,37,1,7,3,1
0,38,-4,51,-1,-1,-1,36,-3,37,4,7,3,1
0,41,-2,51,0,-1,-1,39,-3,37,2,7,3,1
0,42,-1,51,0,-1,0,39,-3,37,1,7,3,1
0,39,-2,52,0,-1,-1,37,-3,37,2,7,3,1
0,40,-2,52,-1,-1,-1,37,-3,37,2,7,3,1
0,40,-3,51,-1,-1,0,38,-3,37,3,7,3,1
0,41,-2,53,-1,-1,-1,37,-3,37,2,7,3,1
0,38,-2,51,0,-1,-1,36,-3,37,2,7,3,1
0,40,-1,51,-1,-1,-1,38,-3,37,1,7,3,1
0,39,-2,51,0,-1,-1,37,-3,37,2,7,3,1
0,40,-3,50,0,-1,-1,38,-3,37,3,7,3,1
0,39,-2,55,0,-1,0,35,-3,37,2,7,3,1
0,39,-1,51,0,-1,-1,37,-3,37,1,7,3,1
0,42,-1,50,0,-1,-1,40,-3,37,1,7,3,1
0,38,-3,52,-1,-1,-1,36,-3,37,3,7,3,1
0,40,-1,52,0,0,-1,37,-3,37,1,7,3,1
0,41,-1,52,0,-1,-1,38,-3,37,1,7,3,1
0,40,-3,52,0,-1,0,37,-3,37,3,7,3,1
0,40,-1,53,0,-1,-1,37,-3,37,1,7,3,1
0,41,-1,53,-1,-1,0,37,-3,37,1,7,3,1
0,39,-2,50,-1,-1,-1,38,-3,37,2,7,3,1
0,38,-2,51,0,0,-1,36,-3,37,2,7,3,1
0,42,-1,53,0,-1,0,38,-3,37,1,7,3,1
0,42,-3,51,0,-1,-1,39,-3,37,3,7,3,1
0,38,-1,53,-1,-1,-1,35,-3,37,1,7,3,1
0,42,-1,52,-1,0,0,39,-3,37,1,7,3,1
0,41,-3,50,-1,0,-1,39,-3,37,3,7,3,1
0,39,-1,54,0,-1,-1,36,-3,37,1,7,3,1
0,41,-2,52,0,-1,0,38,-3,37,2,8,3,1
0,39,-2,49,0,-1,-1,38,-3,37,2,8,3,1
0,40,-2,51,-1,-1,-1,38,-3,37,2,8,3,1
0,42,-1,52,-1,-1,0,39,-3,37,1,8,3,1
0,39,-5,52,-1,0,-1,37,-3,37,5,8,3,1
0,39,0,52,0,-1,-1,37,-3,37,0,8,3,1
0,41,-1,51,0,-1,0,39,-3,37,1,8,3,1
0,40,-3,50,0,-1,-1,38,-3,37,3,8,3,1
0,39,-2,54,-1,-1,-1,36,-3,37,2,8,3,1
0,38,-2,53,-1,-1,-1,35,-3,36,2,8,3,1
0,41,-2,49,0,0,-1,40,-3,37,2,8,3,1
0,41,-2,54,0,-1,0,37,-3,37,2,8,3,1
0,40,-1,49,0,-1,0,39,-3,37,1,8,3,1
0,40,-1,53,-1,-1,-1,37,-3,37,1,8,3,1
0,41,-1,52,-1,-1,0,38,-3,37,1,8,3,1
0,41,-2,51,-1,-1,-1,39,-3,37,2,8,3,1
0,39,-1,54,0,-1,-1,36,-3,36,1,8,3,1
0,40,0,51,0,-1,0,38,-3,37,0,8,3,1
0,42,-4,51,0,-1,0,39,-3,37,4,8,3,1
0,41,-3,56,0,-1,-1,36,-3,37,3,8,3,1
0,39,0,53,-1,-1,0,36,-3,36,0,8,3,1
0,39,-3,49,-1,0,-1,38,-3,36,3,8,3,1
0,41,-2,52,0,-1,-1,38,-3,37,2,8,3,1
0,40,-1,53,0,-1,0,37,-3,37,1,8,3,1
0,39,-3,52,0,0,-1,37,-3,37,3,8,3,1
0,39,-4,53,0,-1,-1,36,-3,36,4,8,3,1
0,40,-2,51,-1,-1,0,38,-3,36,2,8,3,1
0,41,-3,52,-1,-1,-1,38,-3,36,3,8,3,1
0,39,-3,54,0,-1,-1,36,-3,36,3,8,3,1
0,39,-1,49,0,-1,0,38,-3,36,1,8,3,1
0,39,-3,52,0,0,-1,37,-3,36,3,8,3,1
0,41,-1,52,0,-1,-1,38,-3,36,1,8,3,1
0,41,-3,48,-1,-1,0,40,-3,37,3,8,3,1
0,39,-3,52,-1,-1,-1,37,-3,36,3,8,3,1
0,42,-3,49,0,0,0,40,-3,37,3,8,3,1
0,42,-1,49,0,-1,0,40,-3,37,1,8,3,1
0,40,-2,54,0,0,-1,36,-3,37,2,8,3,1
0,39,-1,51,-1,-1,-1,37,-3,37,1,8,3,1
0,41,-3,52,-1,0,-1,38,-3,37,3,8,3,1
0,41,-2,50,0,-1,-1,39,-3,37,2,8,3,1
0,40,-2,51,0,-1,-1,38,-3,37,2,8,3,1
0,41,-2,50,0,-1,-1,39,-3,37,2,9,3,1
0,38,-3,52,0,-1,-1,36,-3,37,3,9,3,1
0,41,0,54,0,-1,-1,37,-3,37,0,9,3,1
0,42,-4,51,0,-1,-1,39,-3,37,4,9,3,1
0,41,-1,52,-1,-1,-1,38,-3,37,1,9,3,1
0,39,-2,52,0,-1,0,37,-3,37,2,9,3,1
0,42,-3,50,0,-1,-1,40,-3,37,3,9,3,1
0,40,-2,54,0,-1,-1,36,-3,37,2,9,3,1
0,39,-1,50,-1,-1,-1,38,-3,37,1,9,3,1
0,40,-3,51,0,-1,-1,38,-3,37,3,9,3,1
0,41,-2,52,-1,-1,-1,38,-3,37,2,9,3,1
0,41,0,51,0,-1,0,39,-3,37,0,9,3,1
0,39,-3,52,0,-1,-1,37,-3,37,3,9,3,1
0,41,-1,48,0,-1,0,40,-3,37,1,9,3,1
0,40,-3,48,-1,-1,0,39,-3,37,3,9,3,1
0,40,-4,49,-1,-1,-1,39,-3,37,4,9,3,1
0,39,-2,50,0,-1,-1,38,-3,37,2,9,3,1
0,40,-3,48,-1,-1,0,39,-3,37,3,9,3,1
0,40,-3,51,0,-1,-1,38,-3,37,3,9,3,1
0,41,-1,51,0,-1,-1,39,-3,37,1,9,3,1
0,39,-1,53,-1,-1,-1,36,-3,37,1,9,3,1
0,41,-3,49,0,-1,-1,40,-3,37,3,9,3,1
0,42,0,51,0,0,-1,39,-3,37,0,9,3,1
0,40,-3,53,-1,-1,-1,37,-4,37,3,9,3,1
0,39,-2,51,-1,-1,-1,37,-4,37,2,9,3,1
0,42,-1,53,0,-1,0,38,-4,37,1,9,3,1
0,40,-2,52,0,0,0,37,-4,37,2,9,3,1
0,41,-3,51,0,-1,-1,39,-4,37,3,9,3,1
0,39,0,54,0,-1,-1,36,-4,37,0,9,3,1
0,40,-2,51,0,-1,-1,38,-4,37,2,9,3,1
0,42,-2,56,0,0,-1,37,-4,37,2,9,3,1
0,40,-1,51,-1,-1,0,38,-4,37,1,9,3,1
0,39,-4,51,-1,-1,-1,37,-4,37,4,9,3,1
0,40,-2,55,-1,-1,-1,36,-4,37,2,9,3,1
0,40,-2,50,0,0,0,38,-4,37,2,9,3,1
0,41,-2,50,-1,-1,-1,39,-4,37,2,9,3,1
0,39,-2,54,0,-1,-1,36,-4,37,2,9,3,1
0,40,-2,48,0,0,0,39,-4,37,2,9,3,1
0,39,-2,51,0,0,-1,37,-4,37,2,9,3,1
0,40,-1,55,0,-1,-1,36,-4,37,1,9,3,1
0,41,-4,50,-1,-1,-1,39,-4,37,4,10,3,1
0,40,-1,52,-1,-1,-1,37,-4,37,1,10,3,1
0,40,-2,49,0,0,0,39,-4,37,2,10,3,1
0,40,-3,51,-1,-1,-1,38,-4,37,3,10,3,1
0,39,-2,51,0,-1,-1,37,-4,37,2,10,3,1
0,40,1,52,0,-1,0,37,-4,37,-1,10,3,1
0,39,-4,50,-1,0,-1,38,-4,37,4,10,3,1
0,41,-3,53,0,0,-1,37,-4,37,3,10,3,1
0,39,-1,52,0,-1,0,37,-4,37,1,10,3,1
0,40,-3,49,0,-1,-1,39,-4,37,3,10,3,1
0,40,-4,51,0,-1,-1,38,-4,37,4,10,3,-4
0,39,-1,51,-1,-1,0,37,-4,37,1,10,3,-4
0,40,-3,51,-1,0,-1,38,-4,37,3,10,3,-4
0,40,-2,50,-1,0,0,38,-4,37,2,10,3,-4
0,36,-6,53,-1,0,0,34,-4,37,6,10,3,-4
0,42,0,54,0,-1,0,38,-4,37,0,10,3,-4
0,23,0,54,0,-1,-1,23,-4,36,0,10,3,-4
0,33,-4,56,0,0,0,30,-4,36,4,10,3,-4
0,47,1,51,3,-1,-1,42,-4,36,-1,10,3,-4
0,37,-1,50,0,-1,-1,36,-4,36,1,10,3,-4
0,40,-5,57,0,-1,0,35,-4,36,5,10,3,-4
0,43,2,46,0,0,-1,43,-4,36,-2,10,3,-4
0,40,-2,46,0,0,0,41,-4,37,2,10,3,-4
0,44,-4,42,0,-1,0,46,-4,37,5,10,3,-4
0,43,-3,50,0,-1,-1,40,-4,37,3,10,3,-4
0,41,-4,52,-1,-1,-1,38,-4,37,4,10,3,-4
0,43,-4,52,-2,-1,-1,39,-4,37,4,10,3,-4
0,45,-8,53,-2,-1,-1,40,-4,37,8,10,3,-4
0,38,-2,48,-2,-1,-1,38,-4,37,2,10,3,-4
0,37,-2,50,-3,0,-1,36,-4,37,2,10,3,-4
0,38,-4,45,-4,0,-1,40,-4,36,5,10,3,-4
0,41,-5,43,-4,-1,0,43,-4,36,6,10,3,-4
0,41,-6,42,-5,-1,0,44,-5,36,8,10,3,-4
0,42,-7,41,-6,0,0,45,-5,36,9,10,3,-4
0,37,2,46,-6,0,-1,39,-5,36,-2,10,3,-4
0,43,2,52,-7,0,0,39,-5,36,-2,10,3,-4
0,38,1,49,-8,-1,0,38,-6,36,-1,10,3,-4
0,38,-1,43,-8,0,0,41,-6,35,1,10,3,-4
0,39,-5,46,-9,0,0,40,-6,35,6,10,3,-4
0,40,-8,52,-9,-1,0,37,-7,35,8,10,3,-4
0,44,1,59,-10,0,0,36,-7,34,0,10,3,-3
0,45,2,63,-11,0,0,35,-7,34,-1,10,3,-3
0,39,5,55,-11,0,0,35,-8,34,-5,10,3,-3
0,32,1,49,-12,0,0,33,-8,33,-1,10,3,-3
0,33,0,34,-13,0,-1,44,-9,33,0,10,3,-3
0,37,-6,44,-14,0,0,40,-9,32,7,10,3,-3
0,38,0,50,-14,0,0,37,-10,32,0,10,3,-3
0,30,6,56,-14,0,0,28,-10,31,-6,10,2,-3
0,28,-1,45,-14,-1,0,32,-11,31,1,10,2,-3
0,30,-7,39,-16,0,0,37,-12,30,10,10,2,-3
0,32,-11,53,-16,0,0,31,-12,30,11,10,3,-3
0,33,-1,64,-16,0,0,27,-13,29,0,10,3,-3
0,32,5,68,-17,0,0,25,-14,28,-4,10,2,-3
0,26,2,60,-18,0,0,23,-14,27,-1,10,2,-3
0,22,2,49,-18,0,0,24,-15,27,-2,10,2,-3
0,18,-4,40,-18,0,0,24,-16,26,5,10,2,-3
0,27,-8,53,-19,0,0,27,-16,25,8,10,2,-2
0,28,-4,58,-20,0,0,25,-17,24,3,10,2,-2
0,28,-2,57,-20,0,0,26,-18,24,2,10,2,-2
0,21,3,57,-21,-1,0,20,-19,23,-3,10,2,-2
0,18,-7,51,-22,0,0,19,-20,22,7,10,2,-2
0,20,-9,49,-23,0,0,22,-21,21,10,10,3,-2
0,28,-11,72,-23,0,0,21,-21,20,8,10,3,-2
0,29,0,85,-22,0,0,18,-22,19,0,10,3,-2
0,34,12,90,-23,-1,0,18,-23,18,0,10,3,-2
0,13,13,85,-25,0,0,8,-24,17,-8,10,2,-2
0,13,6,81,-25,0,0,9,-25,16,-4,10,2,-1
0,17,-1,65,-25,1,1,14,-26,15,0,10,2,-1
0,15,-9,68,-27,0,0,12,-27,14,7,10,2,-1
0,23,-1,82,-27,0,0,15,-28,13,0,10,2,-1
0,27,8,79,-28,0,1,18,-29,12,-5,10,2,-1
0,22,10,75,-28,0,0,16,-30,11,-7,10,2,-1
0,10,2,68,-27,0,0,8,-31,10,-1,10,2,-1
0,0,-6,58,-28,0,0,0,-32,9,5,10,2,-1
0,17,-5,55,-28,0,0,17,-34,8,5,10,2,0
0,8,-10,74,-29,-2,2,6,-35,6,7,10,2,0
0,14,5,71,-28,-1,1,11,-36,5,-4,10,2,0
0,6,10,59,-30,1,-1,5,-37,4,-9,10,2,0
0,-7,-5,61,-32,0,1,-6,-38,3,4,10,2,0
0,-1,-7,58,-31,0,1,0,-39,2,6,10,2,0
0,0,-17,38,-32,0,0,0,-41,0,24,10,2,0
0,6,-17,52,-32,0,1,6,-42,0,18,10,2,0
0,-1,-5,70,-31,-1,2,0,-43,-1,4,10,3,0
0,-2,-1,64,-32,1,0,-1,-44,-2,0,10,2,0
0,-13,8,63,-32,0,0,-11,-46,-4,-7,10,2,0
0,-12,12,45,-32,-1,0,-14,-47,-5,-14,10,2,0
0,-15,15,68,-31,-1,1,-12,-48,-6,-12,10,2,0
0,-26,4,80,-28,0,0,-18,-49,-8,-2,10,2,0
0,-23,2,55,-31,0,0,-22,-50,-9,-2,10,1,1
0,-13,-7,67,-32,0,1,-11,-52,-10,5,10,2,1
0,-28,-11,44,-32,1,0,-32,-53,-12,14,10,2,1
0,-17,-17,41,-32,0,1,-22,-54,-13,22,10,2,1
0,-11,-6,62,-30,-1,1,-10,-55,-14,5,10,2,1
0,-18,-2,67,-30,0,0,-15,-56,-16,1,10,2,1
0,-8,7,79,-30,-1,1,-5,-58,-17,-5,10,2,1
0,-20,16,78,-31,0,0,-14,-59,-18,-11,10,2,2
0,-29,18,51,-31,0,-1,-29,-60,-19,-19,10,1,2
0,-26,12,70,-30,0,1,-20,-61,-20,-9,10,1,2
0,-38,6,87,-29,0,0,-20,-62,-21,-9,10,1,2
0,-34,2,72,-28,0,1,-25,-63,-23,-1,10,1,2
0,-41,-4,62,-28,0,0,-33,-64,-24,3,10,1,2
0,-47,-8,42,-28,0,0,-48,-66,-25,10,10,1,2
0,-28,-2,38,-29,0,0,-36,-67,-27,3,10,1,3
0,-39,1,48,-28,0,2,-39,-68,-28,-1,10,1,3
0,-48,-9,34,-28,0,0,-54,-69,-29,14,10,1,3
0,-39,5,40,-27,0,0,-44,-70,-31,-7,10,1,3
0,-46,-8,47,-27,0,0,-44,-71,-32,9,10,1,3
0,-34,-8,50,-27,0,0,-34,-72,-33,9,10,2,3
0,-51,-7,43,-26,0,-1,-49,-73,-34,9,10,2,3
0,-88,9,-24,-22,0,0,-105,-74,-37,97,10,0,4
0,-97,-11,127,-8,-3,-1,-105,-74,-37,97,11,0,4
0,-61,0,22,19,-1,0,-70,-73,-37,0,11,0,4
0,-13,3,-38,12,1,2,95,-73,-39,81,10,-4,4
0,-12,-2,47,9,-1,0,-14,-73,-38,2,11,-4,4
0,-51,9,78,8,-2,-3,-14,-72,-38,2,11,-3,4
0,-55,12,-13,12,0,-1,-103,-72,-38,119,11,-6,4
0,-52,-6,52,7,-1,-1,-45,-72,-38,6,11,-6,4
0,-62,0,106,8,-3,-2,-45,-71,-38,6,11,-6,4
0,-59,0,52,10,1,-1,-48,-71,-38,0,11,-6,4
0,-45,0,59,8,-1,0,-37,-70,-37,0,11,-5,4
0,-38,14,88,11,-2,0,-37,-70,-37,0,11,-5,4
0,-30,-2,66,11,0,0,-24,-70,-36,1,11,-5,4
0,-29,3,41,9,-1,-1,-35,-69,-36,-4,11,-5,4
0,-30,8,59,10,-1,-1,-27,-69,-35,-7,11,-5,4
0,-39,5,32,11,-2,-1,-50,-68,-35,-8,11,-5,4
0,-38,-4,34,9,-1,-1,-48,-68,-35,6,11,-5,4
0,-45,1,70,10,-1,-1,-33,-68,-35,0,11,-5,3
0,-47,0,64,11,-1,-1,-36,-67,-34,0,11,-5,3
0,-48,4,49,9,-1,-1,-44,-67,-34,-4,11,-4,3
0,-32,4,70,11,-1,-1,-24,-66,-33,-3,11,-4,3
0,-29,3,80,11,0,-1,-20,-66,-33,-2,11,-4,3
0,-29,6,61,10,0,-1,-25,-66,-32,-5,11,-4,3
0,-33,4,57,11,-1,-1,-30,-65,-32,-4,11,-4,3
0,-27,0,53,11,-1,-1,-27,-65,-31,0,11,-4,3
0,-36,-5,59,11,-1,-1,-31,-64,-31,4,11,-4,3
0,-42,-1,61,10,-1,-1,-34,-64,-30,0,11,-4,3
0,-36,0,58,11,-2,0,-32,-64,-30,0,11,-4,3
0,-31,7,62,11,-1,-1,-26,-63,-30,-6,11,-4,3
0,-28,-1,77,10,0,-1,-20,-63,-29,0,11,-3,3
0,-30,5,68,11,-1,-1,-23,-62,-28,-4,11,-3,3
0,-23,-1,63,11,-1,-1,-20,-62,-28,0,11,-3,3
0,-26,2,61,10,-1,-2,-23,-61,-27,-1,11,-3,3
0,-19,-6,60,11,-1,-1,-17,-61,-27,5,11,-3,3
0,-25,-6,67,11,0,-1,-20,-61,-26,5,11,-3,3
0,-28,-1,61,11,-1,0,-24,-60,-26,0,11,-3,2
0,-37,-1,63,12,-1,-1,-30,-60,-25,0,11,-3,2
0,-24,5,62,11,-1,-1,-21,-59,-25,-4,12,-3,2
0,-26,0,78,11,-1,-1,-18,-59,-24,0,12,-2,2
0,-23,3,73,11,-2,-1,-17,-58,-24,-2,12,-2,2
0,-19,2,65,12,-1,-1,-16,-58,-23,-1,12,-2,2
0,-27,4,64,11,-1,-1,-23,-57,-23,-3,12,-2,2
0,-16,-1,65,11,-1,-1,-13,-57,-22,0,12,-2,2
0,-25,-5,68,11,-1,-1,-20,-57,-22,4,12,-2,2
0,-21,1,59,11,-1,-1,-19,-56,-21,0,12,-2,2
0,-29,4,62,10,-1,-1,-25,-56,-21,-3,12,-2,2
0,-20,3,64,10,-1,-1,-17,-55,-20,-2,12,-2,2
0,-22,3,79,11,-1,-1,-15,-55,-20,-2,12,-2,2
0,-27,9,73,10,0,-1,-20,-55,-19,-7,12,-2,2
0,-18,4,64,10,-1,-1,-15,-54,-19,-3,12,-2,2
0,-21,6,62,10,0,-1,-18,-54,-18,-5,12,-2,2
0,-13,-4,61,11,-1,-1,-12,-53,-18,3,12,-2,2
0,-21,0,72,10,-1,-1,-16,-53,-17,0,12,-2,2
0,-27,5,59,10,-1,-1,-24,-53,-17,-4,12,-2,2
0,-14,6,56,10,-1,-1,-14,-52,-17,-6,12,-2,1
0,-18,1,66,10,0,-1,-15,-52,-16,0,12,-2,1
0,-21,6,58,10,0,-1,-20,-51,-16,-5,12,-2,1
0,-17,2,55,10,-1,-1,-17,-51,-16,-2,12,-2,1
0,-14,-1,62,10,-1,-1,-12,-51,-15,0,12,-2,1
0,-12,-9,60,11,-1,-1,-11,-50,-15,8,12,-1,1
0,-19,-8,64,10,-1,-2,-16,-50,-14,7,12,-1,1
0,-22,-2,55,10,-1,-1,-21,-49,-14,2,12,-1,1
0,-17,-5,54,10,0,-1,-17,-49,-14,5,12,-1,1
0,-14,-1,51,10,0,-1,-15,-48,-13,1,12,-1,1
0,-15,-5,62,10,-1,-1,-13,-48,-13,4,12,-1,1
0,-13,3,55,10,-1,-1,-13,-48,-12,-3,12,-1,1
0,-7,-1,55,9,-1,-1,-7,-47,-12,1,12,-1,1
0,-6,-2,56,9,-1,-1,-6,-47,-11,2,12,0,1
0,-3,-4,64,9,-1,-1,-2,-47,-11,3,12,0,1
0,-2,-1,75,9,-1,-1,-1,-46,-10,0,12,0,1
0,-6,-4,69,8,-1,-1,-4,-46,-10,3,12,0,1
0,-6,4,68,9,-1,-1,-5,-46,-10,-3,12,0,1
0,-9,5,70,8,-1,-1,-7,-45,-9,-4,12,0,1
0,-5,8,72,8,-1,-1,-3,-45,-9,-6,12,0,1
0,-10,2,80,8,-1,-1,-7,-45,-8,-1,12,0,1
0,-9,7,72,9,0,-1,-7,-44,-8,-5,12,0,0
0,-7,3,66,9,-1,-1,-6,-44,-8,-2,13,0,0
0,-3,3,74,9,-1,-1,-2,-44,-7,-2,13,0,0
0,4,-4,66,8,-1,-1,3,-43,-7,3,13,0,0
0,-4,-3,73,8,-1,-1,-3,-43,-6,2,13,0,0
0,-4,-11,63,8,-1,-1,-3,-43,-6,9,13,0,0
0,-1,-6,67,7,-1,-1,0,-42,-5,5,13,0,0
0,0,1,63,7,0,-1,0,-42,-5,0,13,0,0
0,1,0,73,6,0,-1,0,-42,-5,0,13,0,0
0,-4,3,73,6,-1,-1,-3,-42,-4,-2,13,0,0
0,-10,4,74,6,-1,-1,-7,-41,-4,-3,13,0,0
0,-2,1,65,5,0,-1,-1,-41,-4,0,13,0,0
0,2,0,64,5,-1,-1,1,-41,-4,0,13,0,0
0,1,-6,68,4,-1,-1,0,-41,-3,5,13,0,0
0,3,-4,58,3,-1,-1,2,-41,-3,3,13,0,0
0,3,-3,59,3,-1,-1,2,-40,-3,2,13,0,0
0,1,-10,60,2,-1,-1,0,-40,-3,9,13,0,0
0,2,-3,56,1,0,-1,2,-40,-3,3,13,0,0
0,4,-4,59,1,0,0,3,-40,-2,3,13,0,0
0,1,-1,63,1,0,0,0,-40,-2,0,13,0,0
0,1,2,62,0,0,-1,0,-40,-2,-1,13,0,0
0,3,0,68,-1,-1,-1,2,-40,-2,0,13,0,0
0,-2,5,76,-1,-1,-1,-1,-40,-2,-3,13,0,0
0,0,5,76,-2,-1,0,0,-40,-2,-3,13,0,0
0,2,4,78,-3,0,-1,1,-41,-2,-2,13,0,0
0,4,2,81,-3,-1,-1,2,-41,-2,-1,13,0,0
0,1,1,82,-3,-1,0,0,-41,-2,0,13,0,0
0,1,3,73,-3,0,0,0,-41,-2,-2,13,0,0
0,0,-2,63,-4,0,0,0,-41,-2,1,13,0,0
0,0,-3,68,-4,0,0,0,-41,-2,2,13,0,0
0,3,-7,61,-5,-1,-1,2,-41,-2,6,13,0,0
0,-1,-4,55,-5,-1,0,-1,-42,-3,4,13,0,0
0,0,-4,53,-6,0,0,0,-42,-3,4,13,0,0
0,-3,-2,56,-6,0,-1,-3,-42,-3,2,13,0,0
0,-5,0,55,-7,0,0,-5,-42,-3,0,13,0,0
0,-3,2,59,-7,0,0,-2,-43,-3,-1,13,0,0
0,1,8,62,-7,0,0,0,-43,-4,-7,13,0,0
0,-6,1,73,-6,0,0,-4,-43,-4,0,13,0,0
0,-9,5,68,-7,0,0,-7,-43,-4,-4,13,0,0
0,-3,-4,62,-7,0,0,-2,-44,-4,3,13,0,0
0,-4,-3,61,-7,-1,0,-3,-44,-5,2,13,0,0
0,-1,-8,67,-7,-1,0,0,-44,-5,6,13,0,0
0,-3,-5,70,-8,-1,-1,-2,-44,-5,4,13,0,0
0,-1,-5,67,-9,0,0,0,-45,-5,4,13,0,0
0,3,1,70,-9,0,0,2,-45,-5,0,13,0,0
0,0,1,73,-10,0,0,0,-46,-6,0,13,0,0
0,-4,3,69,-9,0,0,-3,-46,-6,-2,13,0,0
0,-8,7,66,-9,-1,0,-6,-46,-6,-6,13,0,0
0,-11,1,70,-9,0,0,-8,-47,-7,0,13,0,0
0,-13,1,64,-10,-1,0,-11,-47,-7,0,13,0,0
0,-14,4,69,-10,-1,0,-11,-47,-8,-3,13,0,0
0,-15,-2,65,-10,0,0,-13,-48,-8,1,13,0,0
0,-10,-3,65,-11,0,0,-8,-48,-9,2,13,0,1
0,-8,-3,61,-11,0,0,-7,-49,-9,2,13,0,1
0,-8,-3,59,-11,0,0,-7,-49,-9,2,13,0,1
0,-9,-6,60,-10,0,0,-8,-49,-10,5,13,0,1
0,-6,-1,49,-11,0,0,-6,-50,-10,1,13,0,1
0,-7,3,53,-11,-1,-1,-7,-50,-10,-3,13,0,1
0,-11,-1,58,-11,-1,0,-10,-51,-11,0,13,0,1
0,-22,1,67,-11,-1,0,-18,-51,-11,0,13,0,1
0,-17,0,58,-10,0,0,-16,-51,-12,0,13,0,1
0,-18,0,64,-11,0,0,-15,-52,-12,0,13,0,1
0,-19,4,67,-11,0,0,-15,-52,-13,-3,13,0,1
0,-12,0,64,-10,0,0,-10,-53,-13,0,13,0,1
0,-18,-5,69,-10,0,0,-14,-53,-13,4,13,0,1
0,-14,-9,67,-9,0,0,-11,-53,-14,7,13,0,1
0,-16,-4,66,-9,-1,0,-13,-54,-14,3,13,0,1
0,-12,-6,62,-9,-1,0,-10,-54,-14,5,13,0,1
0,-14,0,69,-9,-1,-1,-11,-54,-15,0,13,0,1
0,-11,2,69,-9,-1,0,-9,-55,-15,-1,13,0,1
0,-21,9,65,-9,0,0,-17,-55,-15,-7,13,0,1
0,-22,4,71,-8,0,0,-17,-55,-16,-3,13,0,1
0,-20,10,71,-8,0,0,-15,-56,-16,-8,13,0,1
0,-21,4,77,-8,-1,0,-15,-56,-16,-2,13,0,1
0,-21,4,71,-8,0,0,-16,-56,-16,-3,13,0,1
0,-17,-3,60,-8,0,0,-15,-57,-17,2,13,0,1
0,-24,1,68,-7,0,0,-19,-57,-17,0,13,0,1
0,-26,-5,56,-7,0,0,-25,-57,-17,5,13,0,2
0,-21,-2,57,-7,0,0,-20,-58,-18,2,13,0,2
0,-24,-1,57,-6,0,0,-22,-58,-18,1,13,0,2
0,-26,1,54,-6,-1,0,-25,-58,-18,-1,14,0,2
0,-29,2,59,-6,-1,-1,-26,-58,-19,-1,14,0,2
0,-30,1,63,-6,-1,-1,-25,-58,-19,0,14,0,2
0,-27,-2,60,-6,0,0,-24,-59,-19,1,14,0,2
0,-25,5,57,-5,0,0,-23,-59,-20,-5,14,0,2
0,-24,-8,53,-4,0,-1,-24,-59,-20,8,14,0,2
0,-23,-8,54,-4,-1,0,-23,-59,-20,8,14,0,2
0,-22,-4,51,-4,-1,-1,-23,-59,-20,4,14,0,2
0,-25,-2,56,-4,-1,-1,-24,-59,-21,2,14,0,2
0,-28,0,48,-3,0,0,-30,-60,-21,0,14,0,2
0,-23,-2,58,-3,0,0,-21,-60,-21,1,14,0,2
0,-31,6,59,-2,0,0,-27,-60,-21,-5,14,0,2
0,-29,2,59,-2,0,0,-26,-60,-21,-1,14,0,2
0,-25,0,55,-1,-1,0,-24,-60,-21,0,14,0,2
0,-18,-5,60,-1,-1,-1,-16,-60,-21,4,14,0,2
0,-27,-4,50,-1,-1,-1,-28,-60,-21,4,14,0,2
0,-25,0,53,-1,-1,-1,-25,-60,-22,0,14,0,2
0,-26,-3,51,-1,-1,0,-27,-60,-22,3,14,0,2
0,-26,2,57,0,0,-1,-24,-60,-22,-2,14,0,2
0,-29,1,59,0,-1,0,-26,-60,-22,0,14,0,2
0,-25,-2,64,1,-1,-1,-21,-60,-22,1,14,0,2
0,-23,-5,61,1,-1,-1,-20,-60,-22,4,14,1,2
0,-22,-2,63,1,-1,-1,-19,-60,-22,1,14,1,2
0,-23,-5,58,1,0,-1,-21,-60,-21,4,14,1,2
0,-23,-7,53,1,0,-1,-23,-60,-21,7,14,1,2
0,-22,-5,50,1,0,-1,-23,-60,-21,5,14,1,2
0,-25,-1,63,2,-1,-1,-21,-60,-21,0,14,1,2
0,-27,2,56,2,-1,-1,-25,-60,-21,-2,14,1,2
0,-29,6,60,2,-1,-1,-25,-60,-21,-5,14,1,2
0,-26,4,64,2,-1,-1,-22,-59,-21,-3,14,1,2
0,-23,2,63,2,0,-1,-20,-59,-21,-1,14,1,2
0,-20,-3,60,3,0,-1,-18,-59,-21,2,14,1,2
0,-19,-3,61,3,0,-1,-17,-59,-21,2,14,1,2
0,-18,-6,55,3,-1,-1,-18,-59,-21,6,14,1,2
0,-19,0,56,4,-1,-1,-18,-59,-20,0,14,1,2
0,-21,-2,65,4,-1,-1,-17,-59,-20,1,14,1,2
0,-19,3,61,4,-1,-1,-17,-59,-20,-2,14,1,2
0,-24,4,72,4,0,-1,-18,-58,-20,-3,14,1,2
0,-28,2,73,4,0,0,-21,-58,-20,-1,14,1,2
0,-22,-2,73,5,-1,-1,-16,-58,-19,1,14,1,2
0,-17,0,76,5,-1,-1,-12,-58,-19,0,14,1,2
0,-17,-2,61,5,-1,0,-15,-58,-19,1,14,1,2
0,-20,-1,62,5,-1,-1,-17,-57,-18,0,14,1,2
0,-20,1,63,5,-1,-1,-17,-57,-18,0,14,1,2
0,-17,3,66,6,0,-1,-14,-57,-18,-2,14,1,2
0,-19,2,76,6,-1,-1,-14,-57,-18,-1,14,1,2
0,-25,8,74,6,0,-1,-18,-56,-17,-6,14,0,2
0,-17,7,73,6,-1,-1,-13,-56,-17,-5,14,0,1
0,-15,-1,69,6,-1,-1,-12,-56,-17,0,14,0,1
0,-13,2,69,6,-1,-1,-10,-56,-16,-1,14,0,1
0,-17,1,70,5,-1,-1,-13,-56,-16,0,14,0,1
0,-19,-2,61,6,0,-1,-17,-55,-16,1,14,0,1
0,-13,3,63,6,0,0,-11,-55,-16,-2,14,0,1
0,-18,4,67,6,-1,-1,-15,-55,-15,-3,15,0,1
0,-17,1,67,6,-1,-1,-14,-55,-15,0,15,0,1
0,-23,1,77,6,-1,-1,-16,-54,-15,0,15,0,1
0,-22,7,72,6,-1,-1,-17,-54,-15,-5,15,0,1
0,-17,4,72,6,-1,-1,-13,-54,-14,-3,15,0,1
0,-17,-1,76,6,-1,-1,-12,-54,-14,0,15,0,1
0,-12,-4,67,6,-1,-1,-10,-53,-14,3,15,0,1
0,-10,-3,68,5,0,-1,-8,-53,-13,2,15,0,1
0,-19,-3,55,6,-1,-1,-19,-53,-13,3,15,0,1
0,-15,-3,55,6,-1,-1,-15,-53,-13,3,15,0,1
0,-16,-1,62,6,-1,-1,-14,-52,-13,0,15,0,1
0,-16,-1,59,5,-1,-1,-15,-52,-13,0,15,0,1
0,-19,-2,73,5,-1,-1,-14,-52,-12,1,15,0,1
0,-20,8,71,5,0,-1,-15,-52,-12,-6,15,0,1
0,-14,0,73,5,0,-1,-10,-52,-12,0,15,0,1
0,-11,-3,67,5,0,-1,-9,-51,-12,2,15,0,1
0,-8,0,67,5,-1,-1,-6,-51,-11,0,15,0,1
0,-14,-3,58,4,-1,-1,-13,-51,-11,2,15,0,1
0,-11,-1,46,4,-1,-1,-13,-51,-11,1,15,0,1
0,-10,0,56,4,0,-1,-10,-51,-11,0,15,0,1
0,-18,4,54,4,0,-1,-18,-51,-11,-4,15,0,1
0,-16,2,63,4,0,-1,-14,-50,-11,-1,15,0,1
0,-15,1,63,4,0,-1,-13,-50,-11,0,15,0,1
0,-21,2,66,4,-1,-1,-17,-50,-11,-1,15,0,1
0,-7,-4,63,4,-1,-1,-6,-50,-10,3,15,0,1
0,-10,-4,67,4,-1,-1,-8,-50,-10,3,15,0,1
0,-6,-6,54,4,-1,-1,-6,-50,-10,6,15,0,1
0,-9,-3,60,3,-1,-1,-8,-50,-10,2,15,0,1
0,-13,-5,54,4,0,-1,-13,-49,-10,5,15,1,1
0,-8,-1,61,4,-1,-1,-7,-49,-10,0,15,1,1
0,-12,-1,60,4,-1,-1,-11,-49,-9,0,15,1,1
0,-4,5,69,4,-1,-1,-3,-49,-9,-4,15,1,1
0,-15,3,75,4,-1,-1,-11,-49,-9,-2,15,0,1
0,-9,0,75,4,-1,-1,-6,-49,-9,0,15,0,1
0,-6,1,74,3,-1,-1,-4,-48,-9,0,15,0,1
0,0,0,80,3,0,-1,0,-48,-8,0,15,0,0
0,-2,-4,68,4,-1,0,-1,-48,-8,3,15,1,0
0,-4,-3,73,4,-1,0,-3,-48,-8,2,15,1,0
0,-10,-2,63,3,0,-1,-9,-48,-8,1,15,1,0
0,-5,-6,67,3,-1,-1,-4,-48,-7,5,15,1,0
0,-9,-2,68,3,-1,-1,-7,-48,-7,1,15,1,0
0,-10,1,68,2,-1,-1,-8,-48,-7,0,15,1,0
0,-11,4,70,1,0,-1,-8,-48,-7,-3,15,1,0
0,-11,0,67,1,0,-1,-9,-48,-7,0,15,1,0
0,-13,1,70,1,0,0,-10,-47,-7,0,15,1,0
0,-4,-1,78,1,0,0,-2,-47,-7,0,15,1,0
0,-7,1,69,0,0,-1,-5,-47,-7,0,15,0,0
0,-7,0,65,-1,0,-1,-6,-47,-7,0,15,0,0
0,-6,-6,58,-1,0,-1,-5,-47,-7,5,15,1,0
0,-3,-4,58,-1,-1,0,-2,-48,-7,3,15,1,0
0,-5,-6,50,-2,-1,-1,-5,-48,-7,6,15,1,0
0,-6,-1,53,-3,-1,-1,-6,-48,-7,1,16,1,0
0,-6,-3,54,-3,0,-1,-6,-48,-7,3,16,1,0
0,-3,1,56,-3,0,0,-3,-48,-7,-1,16,1,0
0,-6,1,59,-4,0,0,-5,-48,-7,0,16,1,0
0,-7,1,61,-4,0,-1,-6,-48,-7,0,16,1,0
0,-9,-1,64,-5,-1,0,-8,-48,-8,0,16,1,0
0,-8,0,70,-5,0,0,-6,-49,-8,0,16,1,0
0,-11,3,73,-6,-1,0,-8,-49,-8,-2,16,1,0
0,-8,-3,76,-7,-1,-1,-6,-49,-8,2,16,1,0
0,-7,1,78,-7,-1,-1,-5,-49,-8,0,16,1,0
0,-8,1,77,-7,0,0,-5,-50,-8,0,16,1,1
0,-4,-1,73,-7,-1,0,-3,-50,-9,0,16,1,1
0,-7,-5,70,-7,0,0,-5,-50,-9,4,16,1,1
0,-2,0,67,-8,0,0,-1,-50,-9,0,16,1,1
0,-8,0,65,-8,0,0,-7,-51,-9,0,16,1,1
0,-9,1,66,-7,-1,-1,-7,-51,-9,0,16,1,1
0,-8,0,61,-7,-1,-1,-7,-51,-10,0,16,1,1
0,-14,2,66,-8,-1,0,-12,-52,-10,-1,16,1,1
0,-11,0,61,-8,-1,0,-10,-52,-10,0,16,1,1
0,-17,2,63,-8,-1,0,-15,-52,-11,-1,16,1,1
0,-18,4,63,-7,0,0,-16,-53,-11,-3,16,0,1
0,-23,1,63,-7,0,0,-20,-53,-11,0,16,0,1
0,-18,-1,64,-7,0,0,-15,-53,-12,0,16,0,1
0,-14,-5,65,-7,0,0,-12,-53,-12,4,16,0,1
0,-14,1,53,-7,-1,-1,-14,-54,-12,-1,16,0,1
0,-13,-6,55,-7,-1,0,-13,-54,-13,6,16,1,1
0,-15,-6,51,-6,-1,0,-16,-54,-13,6,16,1,1
0,-15,-6,54,-6,-1,0,-15,-54,-13,6,16,1,1
0,-15,3,56,-6,0,0,-15,-55,-13,-3,16,1,1
0,-16,2,54,-5,0,0,-16,-55,-14,-2,16,1,1
0,-17,0,62,-5,0,0,-15,-55,-14,0,16,1,1
0,-21,7,66,-5,-1,0,-17,-55,-14,-6,16,1,1
0,-17,3,71,-5,-1,-1,-13,-55,-14,-2,16,1,1
0,-19,-1,67,-4,-1,0,-15,-55,-14,0,16,1,1
0,-15,1,65,-5,-1,-1,-13,-56,-15,0,16,1,1
0,-15,-2,63,-4,-1,-1,-13,-56,-15,1,16,1,1
0,-18,-6,55,-4,0,0,-18,-56,-15,6,16,1,1
0,-12,-5,54,-4,0,0,-12,-56,-15,5,16,1,1
0,-17,-2,64,-3,-1,0,-14,-56,-15,1,16,1,1
0,-17,0,57,-3,-1,0,-16,-56,-15,0,16,1,1
0,-20,1,69,-3,-1,-1,-16,-56,-15,0,16,1,1
0,-23,4,73,-3,0,-1,-17,-57,-15,-3,16,1,1
0,-18,-2,71,-3,0,0,-14,-57,-15,1,16,1,1
0,-19,4,72,-3,0,0,-14,-57,-16,-3,16,1,1
0,-19,-6,74,-2,0,0,-14,-57,-16,4,16,1,1
0,-14,0,62,-1,0,-1,-12,-57,-16,0,16,1,1
0,-16,-1,66,-1,-1,-1,-13,-57,-16,0,16,1,1
0,-17,-3,64,-1,-1,-1,-14,-57,-16,2,16,1,1
0,-15,3,67,-1,-1,-1,-12,-57,-15,-2,16,1,1
0,-21,1,63,-1,-1,-1,-18,-57,-16,0,16,1,1
0,-17,5,70,0,-1,-1,-13,-57,-16,-4,16,1,1
0,-22,6,74,0,0,0,-16,-57,-16,-4,16,0,1
0,-22,0,75,0,-1,0,-16,-57,-16,0,16,0,1
0,-21,5,70,0,-1,0,-16,-57,-16,-4,16,0,1
0,-16,1,64,-1,-1,-1,-14,-57,-16,0,16,0,1
0,-15,-1,60,0,-1,-1,-14,-57,-15,0,16,0,1
0,-18,-3,50,0,-1,-1,-19,-57,-16,3,16,0,1
0,-19,3,62,0,0,0,-17,-57,-16,-2,16,0,1
0,-18,-2,51,0,0,0,-19,-57,-16,2,16,0,1
0,-23,7,61,0,0,0,-20,-57,-16,-6,16,0,1
0,-23,4,62,0,0,0,-20,-57,-16,-3,16,0,1
0,-23,5,67,0,-1,-1,-19,-57,-16,-4,16,0,1
0,-24,3,62,0,-1,-1,-21,-57,-16,-2,17,0,1
0,-20,1,62,0,-1,-1,-17,-57,-16,0,17,0,1
0,-15,-5,56,0,0,-1,-15,-57,-16,5,17,0,1
0,-17,-2,58,1,0,0,-16,-57,-16,1,17,0,1
0,-23,-5,47,0,0,-1,-26,-57,-16,6,17,0,1
0,-20,-4,51,0,-1,-1,-21,-57,-16,4,17,0,1
0,-18,-1,54,1,-1,-1,-18,-57,-16,1,17,0,1
0,-23,4,52,1,-1,-1,-24,-57,-16,-4,17,0,1
0,-17,-3,59,0,-1,-1,-16,-57,-16,2,17,0,1
0,-25,5,68,0,0,-1,-20,-57,-16,-4,17,0,1
0,-21,3,72,0,-1,-1,-16,-57,-16,-2,17,0,1
0,-20,0,63,0,0,0,-17,-57,-16,0,17,0,1
0,-14,-3,65,0,0,-1,-12,-57,-16,2,17,0,1
0,-16,-3,62,1,-1,-1,-14,-57,-16,2,17,0,1
0,-13,-2,59,0,-1,0,-12,-57,-16,1,17,0,1
0,-14,-3,54,1,-1,-1,-14,-57,-16,3,17,0,1
0,-11,-1,62,0,-1,-1,-10,-57,-16,0,17,0,1
0,-19,-3,62,1,-1,-1,-17,-57,-16,2,17,0,1
0,-19,-1,72,1,0,-1,-14,-57,-16,0,17,0,1
0,-16,4,78,1,0,-1,-11,-57,-16,-2,17,0,1
0,-17,3,74,1,-1,0,-12,-57,-15,-2,17,0,1
0,-15,-3,73,1,-1,-1,-11,-57,-15,2,17,0,1
0,-12,2,65,1,-1,-1,-10,-57,-15,-1,17,0,1
0,-13,1,65,1,-1,-1,-11,-57,-15,0,17,0,1
0,-15,0,57,1,-1,-1,-14,-57,-15,0,17,0,1
0,-14,2,71,1,0,-1,-11,-56,-15,-1,17,0,1
0,-19,0,64,1,0,-1,-16,-56,-15,0,17,0,1
0,-15,5,67,1,0,0,-12,-56,-15,-4,17,0,1
0,-19,7,71,1,0,-1,-15,-56,-15,-5,17,0,1
0,-23,2,69,1,-1,-1,-18,-56,-15,-1,17,0,1
0,-14,1,68,1,-1,-1,-11,-56,-15,0,17,0,1
0,-13,-1,70,1,-1,-1,-10,-56,-14,0,17,0,1
0,-13,-5,60,1,0,0,-12,-56,-14,4,17,0,1
0,-18,-4,60,1,0,0,-16,-56,-14,3,17,0,1
0,-21,-2,50,1,0,-1,-22,-56,-14,2,17,0,1
0,-17,0,60,2,-1,-1,-15,-56,-14,0,17,0,1
0,-15,-1,57,2,-1,-1,-14,-56,-14,1,17,0,1
0,-20,6,64,2,-1,-1,-17,-56,-14,-5,17,0,1
0,-26,5,64,2,-1,-1,-22,-56,-14,-4,17,0,1
0,-19,1,65,1,0,-1,-16,-56,-14,0,17,0,1
0,-16,0,63,1,0,-1,-14,-56,-14,0,17,0,1
0,-19,2,62,1,0,0,-17,-56,-14,-1,17,0,1
0,-15,-7,53,1,-1,-1,-15,-56,-14,7,17,0,1
0,-12,-1,55,1,-1,-1,-12,-56,-14,1,17,0,1
0,-16,-7,48,1,-1,-1,-18,-56,-14,8,17,0,1
0,-17,-4,50,1,-1,-1,-18,-56,-14,4,17,0,1
0,-16,0,57,1,0,-1,-15,-55,-14,0,17,0,1
0,-14,5,56,0,-1,-1,-14,-55,-14,-5,17,0,1
0,-20,0,70,1,-1,0,-16,-55,-14,0,17,0,1
0,-14,0,72,1,-1,0,-11,-55,-14,0,17,0,1
0,-12,0,67,1,-1,-1,-10,-55,-14,0,17,0,1
0,-12,0,70,0,0,0,-9,-55,-14,0,17,0,1
0,-13,-4,67,0,-1,0,-11,-55,-14,3,17,0,1
0,-8,-4,59,0,-1,-1,-7,-55,-14,3,18,1,1
0,-8,-7,57,0,-1,-1,-7,-55,-13,7,18,1,1
0,-12,0,67,0,0,-1,-10,-55,-13,0,18,1,1
0,-11,1,67,0,0,0,-9,-55,-13,0,18,1,1
0,-12,5,72,0,0,-1,-9,-55,-13,-3,18,0,1
0,-15,4,81,-1,-1,-1,-10,-55,-13,-2,18,0,1
0,-14,5,75,-1,-1,-1,-10,-55,-13,-3,18,0,1
0,-14,2,73,-1,-1,-1,-10,-55,-13,-1,18,0,1
0,-14,0,76,-1,-1,0,-10,-55,-13,0,18,0,1
0,-14,-3,65,-1,0,-1,-12,-56,-13,2,18,0,1
0,-10,1,71,0,0,0,-8,-56,-13,0,18,0,1
0,-16,-4,56,0,-1,0,-16,-56,-13,4,18,0,1
0,-7,-8,59,0,-1,-1,-6,-56,-13,7,18,1,1
0,-17,3,64,0,-1,-1,-14,-56,-13,-2,18,1,1
0,-18,6,58,1,-1,-1,-17,-55,-13,-5,18,0,1
0,-21,0,67,1,-1,-1,-17,-55,-13,0,18,0,1
0,-20,7,70,0,-1,-1,-16,-55,-13,-5,18,0,1
0,-17,3,73,0,0,0,-13,-55,-13,-2,18,0,1
0,-17,-4,70,0,0,0,-13,-55,-13,3,18,0,1
0,-12,-3,60,0,-1,-1,-11,-55,-13,2,18,0,1
0,-12,-1,57,1,-1,-1,-11,-55,-13,1,18,0,1
0,-17,-5,54,0,-1,-1,-17,-55,-13,5,18,1,1
0,-16,-3,51,0,-1,-1,-17,-55,-13,3,18,1,1
0,-12,0,54,0,0,-1,-12,-55,-13,0,18,1,1
0,-22,-1,63,0,-1,-1,-19,-55,-13,0,18,1,1
0,-25,1,61,1,0,0,-22,-55,-13,0,18,1,1
0,-19,-1,66,1,0,0,-16,-55,-13,0,18,1,1
0,-15,3,65,1,-1,0,-13,-55,-13,-2,18,0,1
0,-19,-4,64,1,-1,-1,-16,-55,-13,3,18,1,1
0,-12,-5,57,1,-1,-1,-11,-55,-13,5,18,1,1
0,-16,2,59,1,-1,-1,-15,-55,-13,-1,18,1,1
0,-14,-8,51,1,-1,-1,-15,-55,-13,8,18,1,1
0,-15,-4,57,2,0,-1,-14,-55,-13,4,18,1,1
0,-17,-2,54,1,0,-1,-17,-55,-13,2,18,1,1
0,-15,3,65,1,0,0,-13,-55,-13,-2,18,1,1
0,-22,4,68,1,-1,-1,-18,-55,-13,-3,18,1,1
0,-15,-1,70,2,-1,-1,-12,-55,-13,0,18,1,1
0,-11,-3,68,2,-1,-1,-9,-55,-13,2,18,1,1
0,-12,2,69,1,0,-1,-9,-55,-13,-1,18,1,1
0,-9,-9,62,1,0,0,-8,-55,-13,8,18,1,1
0,-6,-1,65,1,0,-1,-5,-55,-12,0,18,1,1
0,-15,-2,59,1,0,0,-14,-55,-12,1,18,1,1
0,-3,-5,60,1,-1,0,-2,-55,-12,4,18,1,1
0,-12,-1,71,1,-1,-1,-9,-55,-12,0,18,1,1
0,-12,4,72,1,-1,-1,-9,-54,-12,-3,18,1,1
0,-8,3,80,1,0,-1,-5,-54,-12,-2,18,1,1
0,-17,11,74,1,-1,-1,-12,-54,-12,-8,18,1,1
0,-14,5,80,1,-1,0,-9,-54,-12,-3,18,1,1
0,-9,3,75,2,-1,0,-6,-54,-11,-2,18,1,1
0,-9,1,73,2,-1,-1,-7,-54,-11,0,18,1,1
0,-13,0,65,1,-1,-1,-11,-54,-11,0,18,1,1
0,-8,-5,63,2,-1,-1,-7,-54,-11,4,19,1,1
0,-11,-2,56,1,0,-1,-11,-54,-11,2,19,1,1
0,-11,2,59,1,-1,-1,-10,-54,-11,-1,19,1,1
0,-14,4,67,1,0,-1,-11,-54,-11,-3,19,0,1
0,-20,3,65,1,0,-1,-17,-54,-11,-2,19,0,1
0,-13,3,72,1,0,-1,-10,-54,-11,-2,19,0,1
0,-12,2,66,2,-1,-1,-10,-54,-11,-1,19,0,1
0,-12,-2,66,2,-1,-1,-10,-54,-11,1,19,0,1
0,-8,-1,59,2,-1,-1,-7,-54,-10,0,19,0,1
0,-12,-3,57,2,-1,-1,-11,-54,-10,3,19,0,1
0,-10,-3,52,2,-1,0,-10,-53,-10,3,19,1,1
0,-14,-1,63,2,0,0,-12,-53,-10,0,19,1,1
0,-14,-1,52,2,0,0,-15,-53,-10,1,19,1,1
0,-6,5,62,2,0,-1,-5,-53,-10,-4,19,0,1
0,-19,0,65,3,-1,-1,-16,-53,-10,0,19,0,1
0,-17,4,64,2,-1,-1,-14,-53,-10,-3,19,0,1
0,-11,-2,64,2,-1,-1,-9,-53,-10,1,19,0,1
0,-12,-3,66,2,0,-1,-10,-53,-10,2,19,0,1
0,-11,-7,59,2,0,-1,-10,-53,-10,6,19,1,1
0,-12,1,58,2,0,-1,-11,-53,-10,0,19,0,1
0,-9,-8,49,2,-1,-1,-10,-53,-10,9,19,1,1
0,-5,-4,50,2,0,-1,-5,-53,-10,4,19,1,1
0,-11,-1,60,2,-1,-1,-10,-52,-9,0,19,1,1
0,-12,0,60,3,-1,-1,-11,-52,-9,0,19,1,1
0,-13,2,64,2,-1,-1,-11,-52,-9,-1,19,1,1
0,-13,4,69,2,0,-1,-10,-52,-9,-3,19,1,1
0,-2,-2,69,3,0,-1,-1,-52,-9,1,19,1,1
0,-7,-3,66,3,0,-1,-6,-52,-9,2,19,1,1
0,-4,-1,70,3,-1,-1,-3,-52,-8,0,19,1,1
0,-6,1,65,3,-1,-1,-5,-52,-8,0,19,1,0
0,-7,-5,62,3,-1,-1,-6,-52,-8,4,19,1,0
0,-8,-3,71,3,-1,-1,-6,-51,-8,2,19,1,0
0,-8,1,68,3,-1,-1,-6,-51,-8,0,19,1,0
0,-8,5,73,3,-1,-1,-6,-51,-8,-3,19,1,0
0,-11,7,73,2,0,0,-8,-51,-8,-5,19,1,0
0,-12,6,77,2,0,-1,-8,-51,-7,-4,19,0,0
0,-5,4,77,2,-1,-1,-3,-51,-7,-2,19,0,0
0,-7,1,83,1,-1,-1,-4,-51,-7,0,19,0,0
0,-3,-4,79,0,-1,-1,-2,-51,-7,2,19,0,0
0,0,-3,66,0,-1,-1,0,-51,-7,2,19,1,0
0,-4,-2,67,-1,-1,-1,-3,-51,-7,1,19,1,0
0,-4,-6,61,-1,-1,0,-3,-51,-7,5,19,1,0
0,-9,-4,60,-1,0,0,-8,-51,-7,3,19,1,0
0,-8,-4,57,-2,-1,0,-7,-51,-7,4,19,1,0
0,-6,-2,59,-2,-1,0,-5,-51,-7,1,19,1,0
0,-11,-2,58,-2,0,0,-10,-51,-7,1,19,1,0
0,-14,-3,54,-3,0,0,-14,-51,-7,3,19,1,0
0,-5,1,58,-3,-1,-1,-4,-51,-7,0,19,1,0
0,-14,-4,59,-4,-1,-1,-13,-52,-8,3,19,1,0
0,-3,1,62,-5,-1,-1,-2,-52,-8,0,19,1,0
0,-6,2,67,-6,0,0,-5,-52,-8,-1,19,1,0
0,-9,4,71,-6,-1,0,-7,-52,-8,-3,19,1,0
0,-8,3,71,-6,0,-1,-6,-52,-8,-2,19,1,0
0,-12,-4,73,-6,0,0,-9,-53,-9,3,19,1,1
0,-9,-1,66,-6,0,0,-7,-53,-9,0,19,1,1
0,-9,-3,60,-7,-1,0,-8,-53,-9,2,19,1,1
0,-9,-5,58,-7,0,0,-8,-53,-9,4,19,1,1
0,-4,-5,54,-7,-1,-1,-4,-54,-9,5,19,1,1
0,-8,-7,59,-7,-1,0,-7,-54,-10,6,20,1,1
0,-14,-1,62,-7,-1,-1,-12,-54,-10,0,20,1,1
0,-9,1,68,-7,0,0,-7,-55,-10,0,20,1,1
0,-11,1,69,-7,0,0,-9,-55,-10,0,20,1,1
0,-9,3,82,-7,0,0,-6,-55,-10,-2,20,1,1
0,-17,4,80,-7,0,0,-12,-55,-11,-2,20,1,1
0,-8,3,78,-6,-1,0,-5,-56,-11,-2,20,1,1
0,-18,3,77,-6,0,0,-13,-56,-11,-2,20,1,1
0,-11,-1,64,-6,-1,-1,-9,-56,-11,0,20,1,1
0,-14,2,71,-7,0,0,-11,-56,-12,-1,20,1,1
0,-13,-3,62,-6,0,0,-11,-57,-12,2,20,1,1
0,-16,0,58,-6,0,0,-15,-57,-12,0,20,1,1
0,-14,1,63,-5,-1,0,-12,-57,-12,0,20,1,1
0,-21,1,58,-5,-1,0,-20,-57,-13,0,20,1,1
0,-16,-1,71,-5,-1,0,-12,-57,-13,0,20,1,1
0,-18,5,67,-5,-1,-1,-15,-58,-13,-4,20,1,1
0,-23,3,68,-4,-1,-1,-18,-58,-13,-2,20,1,1
0,-19,2,62,-4,-1,-1,-17,-58,-13,-1,20,0,1
0,-19,1,63,-4,0,0,-16,-58,-14,0,20,0,1
0,-12,-7,58,-4,0,0,-11,-58,-14,6,20,1,1
0,-18,-3,59,-4,0,0,-17,-58,-14,2,20,1,1
0,-22,-4,52,-3,-1,0,-23,-58,-14,4,20,1,1
0,-20,-2,48,-3,-1,0,-22,-59,-14,2,20,1,1
0,-20,-4,55,-3,-1,-1,-20,-59,-15,4,20,1,1
0,-23,1,53,-3,-1,-1,-23,-59,-15,-1,20,1,1
0,-21,0,60,-3,0,-1,-19,-59,-15,0,20,1,1
0,-23,4,61,-3,0,0,-20,-59,-15,-3,20,1,1
0,-20,1,66,-2,0,0,-16,-59,-15,0,20,1,1
0,-19,0,59,-2,0,0,-17,-59,-15,0,20,1,1
0,-21,0,65,-2,-1,-1,-17,-59,-16,0,20,1,1
0,-14,-6,55,-2,0,-1,-14,-59,-16,6,20,1,1
0,-13,-2,52,-1,-1,-1,-14,-59,-16,2,20,1,1
0,-14,1,53,-1,-1,-1,-14,-59,-16,-1,20,1,1
0,-19,-1,59,-1,0,0,-17,-59,-16,0,20,1,1
0,-20,2,62,-1,-1,-1,-17,-59,-16,-1,20,1,1
0,-24,-1,64,-1,0,0,-20,-59,-16,0,20,1,1
0,-23,4,71,0,-1,0,-18,-59,-16,-3,20,1,1
0,-16,-1,69,0,-1,0,-13,-59,-16,0,20,1,1
0,-18,1,67,-1,-1,-1,-15,-59,-16,0,20,1,1
0,-17,-5,66,0,-1,-1,-14,-59,-16,4,20,1,1
0,-13,0,57,0,-1,-1,-12,-59,-16,0,20,1,1
0,-10,-6,59,0,-1,-1,-9,-59,-16,5,20,1,1
0,-15,-2,60,0,0,0,-14,-59,-15,1,20,1,1
0,-19,1,68,0,-1,0,-15,-59,-15,0,20,1,1
0,-15,-1,66,0,-1,0,-12,-59,-15,0,20,1,1
0,-20,5,70,1,-1,-1,-16,-59,-15,-4,20,1,1
0,-18,7,76,0,-1,-1,-13,-59,-15,-5,20,1,1
0,-17,1,78,1,-1,-1,-12,-59,-15,0,20,1,1
0,-12,-2,76,1,0,-1,-8,-59,-15,1,20,1,1
0,-14,4,75,0,0,0,-10,-59,-15,-3,20,1,1
0,-11,-3,65,1,0,0,-9,-59,-15,2,20,1,1
0,-17,-2,66,1,0,0,-14,-59,-15,1,20,1,1
0,-16,-3,59,1,-1,-1,-15,-59,-15,2,20,1,1
0,-13,-2,59,1,-1,-1,-12,-59,-15,1,20,1,1
0,-21,-3,72,1,-1,-1,-16,-59,-15,2,20,1,1
0,-17,3,62,0,0,-1,-15,-59,-15,-2,20,1,1
0,-18,4,66,1,0,-1,-15,-59,-15,-3,20,1,1
0,-21,1,72,1,-1,-1,-16,-59,-14,0,20,1,1
0,-19,3,73,1,-1,-1,-14,-59,-14,-2,21,1,1
0,-18,0,71,1,-1,-1,-14,-59,-14,0,21,1,1
0,-15,0,57,1,-1,0,-14,-59,-14,0,21,1,1
0,-12,-3,63,1,-1,-1,-10,-59,-14,2,21,1,1
0,-15,-5,50,1,-1,-1,-16,-59,-14,5,21,1,1
0,-18,-4,59,1,-1,-1,-17,-59,-14,3,21,1,1
0,-17,0,61,1,-1,-1,-15,-59,-14,0,21,1,1
0,-22,7,59,1,0,0,-20,-59,-14,-6,21,1,1
0,-15,-3,64,1,-1,0,-13,-59,-14,2,21,1,1
0,-26,7,67,1,-1,-1,-21,-59,-14,-5,21,1,1
0,-23,4,64,1,-1,-1,-19,-59,-14,-3,21,0,1
0,-17,0,62,2,-1,-1,-15,-59,-14,0,21,0,1
0,-14,-3,61,1,-1,-1,-12,-58,-14,2,21,1,1
0,-12,-2,55,2,-1,-1,-12,-58,-14,2,21,1,1
0,-18,-2,52,1,0,-1,-19,-58,-14,2,21,1,1
0,-15,-2,49,2,0,0,-17,-58,-14,2,21,1,1
0,-16,-1,57,2,0,-1,-15,-58,-14,1,21,1,1
0,-19,1,58,1,-1,-1,-18,-58,-14,0,21,1,1
0,-16,2,59,1,-1,-1,-15,-58,-14,-1,21,1,1
0,-22,2,61,1,-1,-1,-19,-58,-14,-1,21,1,1
0,-17,2,67,1,-1,-1,-14,-58,-14,-1,21,1,1
0,-17,-1,66,1,0,-1,-14,-58,-14,0,21,1,1
0,-15,0,66,1,0,0,-12,-58,-14,0,21,0,1
0,-11,-7,63,1,-1,0,-9,-58,-14,6,21,1,1
0,-14,-3,64,1,-1,-1,-12,-58,-14,2,21,1,1
0,-11,-9,53,1,-1,-1,-11,-58,-14,9,21,1,1
0,-9,-6,54,1,-1,-1,-9,-58,-13,6,21,1,1
0,-16,-3,67,2,-1,-1,-13,-58,-13,2,21,1,1
0,-14,5,61,1,-1,-1,-12,-58,-13,-4,21,1,1
0,-11,-3,75,1,-1,-1,-8,-58,-13,2,21,1,1
0,-19,3,75,2,0,0,-14,-58,-13,-2,21,1,1
0,-12,3,76,2,-1,-1,-8,-57,-13,-2,21,1,1
0,-11,1,73,2,-1,-1,-8,-57,-13,0,21,1,1
0,-11,4,62,2,-1,-1,-10,-57,-13,-3,21,1,1
0,-10,-4,69,2,-1,-1,-8,-57,-12,3,21,1,1
0,-10,-4,62,2,-1,-1,-9,-57,-12,3,21,1,1
0,-14,3,70,2,-1,-1,-11,-57,-12,-2,21,1,1
0,-17,4,66,2,0,-1,-14,-57,-12,-3,21,1,1
0,-10,5,75,2,0,-1,-7,-57,-12,-3,21,1,1
0,-13,6,77,2,-1,-1,-9,-57,-12,-4,21,1,1
0,-16,0,73,3,-1,-1,-12,-57,-12,0,21,1,1
0,-14,1,76,3,-1,-1,-10,-57,-11,0,21,1,1
0,-9,-3,79,3,-1,-1,-6,-56,-11,2,22,1,1
0,-3,-4,68,3,0,0,-2,-56,-11,3,22,1,1
0,-10,-1,71,3,0,-1,-8,-56,-11,0,22,1,1
0,-18,-3,57,3,0,-1,-17,-56,-11,3,22,1,1
0,-15,2,65,3,0,-1,-13,-56,-11,-1,22,1,1
0,-10,-1,61,4,-1,-1,-9,-56,-10,0,22,1,1
0,-12,7,68,3,-1,-1,-10,-56,-10,-5,22,0,1
0,-15,6,67,4,-1,-1,-12,-56,-10,-5,22,0,1
0,-18,2,72,4,-1,-1,-14,-55,-10,-1,22,0,1
0,-9,1,66,4,0,-1,-7,-55,-10,0,22,0,1
0,-10,0,66,4,0,-1,-8,-55,-10,0,22,0,1
0,-7,-3,64,4,-1,-1,-6,-55,-9,2,22,0,1
0,-6,-4,65,4,-1,-1,-5,-55,-9,3,22,0,1
0,-11,-3,56,4,-1,-1,-11,-55,-9,3,22,1,1
0,-13,-2,59,4,-1,-1,-12,-54,-9,1,22,1,1
0,-9,3,63,4,0,-1,-8,-54,-9,-2,22,0,1
0,-14,6,62,4,0,-1,-12,-54,-9,-5,22,0,1
0,-15,0,68,4,0,0,-12,-54,-9,0,22,0,1
0,-11,9,63,4,0,-1,-9,-54,-8,-8,22,0,1
0,-7,-1,59,5,-1,-1,-6,-54,-8,0,22,0,0
0,-8,-5,66,4,-1,0,-6,-53,-8,4,22,0,0
0,-8,1,59,5,-1,-1,-7,-53,-8,0,22,0,0
0,-10,-2,56,5,-1,-1,-10,-53,-8,2,22,0,0
0,-5,0,51,5,-1,-1,-5,-53,-7,0,22,0,0
0,-9,-1,59,5,0,-1,-8,-53,-7,0,22,0,0
0,-10,-2,55,5,-1,-1,-10,-52,-7,2,22,0,0
0,-13,1,60,5,0,-1,-12,-52,-7,0,22,0,0
0,-18,-3,61,4,-1,0,-16,-52,-7,2,22,0,0
0,-8,4,58,4,-1,-1,-7,-52,-7,-3,22,0,0
0,-4,-2,68,3,-1,-1,-3,-52,-7,1,22,0,0
0,-2,0,68,3,-1,-1,-1,-52,-6,0,22,0,0
0,-4,2,67,2,-1,-1,-3,-52,-6,-1,22,0,0
0,0,-1,74,1,-1,0,0,-52,-6,0,22,0,0
0,-2,-3,65,1,-1,-1,-1,-52,-6,2,22,0,0
0,-2,-3,72,1,0,-1,-1,-51,-6,2,22,0,0
0,1,-5,65,0,0,0,0,-51,-6,4,22,1,0
0,-2,-6,65,0,0,0,-1,-51,-5,5,22,1,0
0,-5,-3,66,0,-1,0,-4,-51,-5,2,22,1,0
0,-4,1,71,-1,-1,-1,-3,-52,-5,0,22,1,0
0,-5,4,70,-2,-1,-1,-4,-52,-5,-3,22,1,0
0,-10,3,72,-2,-1,-1,-7,-52,-6,-2,22,1,0
0,-9,2,69,-3,0,0,-7,-52,-6,-1,22,0,0
0,-10,3,70,-3,-1,-1,-8,-52,-6,-2,22,0,0
0,-11,2,76,-3,-1,0,-8,-52,-6,-1,22,0,0
0,-8,1,76,-4,0,0,-6,-52,-6,0,22,0,0
0,-9,1,67,-4,0,0,-7,-52,-6,0,22,0,0
0,-10,0,67,-4,0,0,-8,-52,-6,0,22,0,0
0,-2,-7,61,-5,0,-1,-1,-53,-7,6,22,0,0
0,-4,-6,59,-5,-1,-1,-3,-53,-7,5,22,1,0
0,-6,-6,55,-5,-1,-1,-6,-53,-7,6,22,1,0
0,-4,-3,51,-5,-1,0,-4,-53,-7,3,22,1,0
0,-8,1,56,-5,0,0,-8,-53,-7,-1,22,1,0
0,-6,0,50,-6,0,0,-6,-54,-7,0,22,1,0
0,-10,5,58,-6,0,0,-9,-54,-8,-4,22,1,0
0,-4,2,65,-5,-1,0,-3,-54,-8,-1,22,1,0
0,-15,4,75,-5,-1,0,-11,-54,-8,-3,22,0,0
0,-13,-2,73,-5,-1,0,-10,-54,-8,1,22,0,0
0,-13,-2,68,-6,0,-1,-10,-55,-8,1,22,1,1
0,-10,1,67,-7,-1,0,-8,-55,-9,0,23,0,1
0,-10,-2,68,-7,0,0,-8,-55,-9,1,23,1,1
0,-4,-4,67,-7,0,-1,-3,-55,-9,3,23,1,1
0,-3,-2,64,-7,0,0,-2,-56,-9,1,23,1,1
0,-7,-4,66,-7,-1,0,-6,-56,-9,3,23,1,1
0,-6,1,67,-7,0,0,-5,-56,-9,0,23,1,1
0,-6,3,72,-7,-1,0,-4,-57,-10,-2,23,1,1
0,-10,5,65,-7,-1,-1,-8,-57,-10,-4,23,0,1
0,-10,3,70,-6,-1,-1,-8,-57,-10,-2,23,0,1
0,-14,1,67,-7,0,0,-11,-57,-10,0,23,0,1
0,-16,3,74,-6,-1,0,-12,-58,-11,-2,23,0,1
0,-15,5,78,-6,0,0,-10,-58,-11,-3,23,0,1
0,-18,5,74,-6,0,0,-13,-58,-11,-3,23,0,1
0,-12,1,69,-6,0,0,-9,-58,-11,0,23,0,1
0,-11,-4,62,-6,0,0,-10,-58,-11,3,23,0,1
0,-14,-1,67,-5,-1,0,-11,-59,-12,0,23,0,1
0,-14,-3,54,-5,0,-1,-14,-59,-12,3,23,0,1
0,-15,-5,49,-5,0,-1,-17,-59,-12,5,23,0,1
0,-20,1,55,-5,0,0,-20,-59,-12,-1,23,0,1
0,-22,1,61,-5,0,0,-19,-59,-13,0,23,0,1
0,-22,3,62,-4,0,0,-19,-60,-13,-2,23,0,1
0,-20,3,63,-4,0,0,-17,-60,-13,-2,23,0,1
0,-15,-5,62,-4,0,-1,-13,-60,-13,4,23,0,1
0,-18,-2,64,-4,-1,0,-15,-60,-14,1,23,0,1
0,-16,-6,55,-3,-1,0,-16,-60,-14,6,23,0,1
0,-15,-4,56,-3,-1,-1,-15,-60,-14,4,23,0,1
0,-15,-7,50,-3,0,0,-16,-60,-14,7,23,1,1
0,-16,-3,57,-2,0,0,-15,-60,-14,3,23,1,1
0,-21,-3,55,-2,0,0,-21,-60,-14,3,23,1,1
0,-20,4,59,-2,-1,0,-18,-61,-14,-3,23,1,1
0,-20,3,61,-2,-1,-1,-18,-61,-15,-2,23,1,1
0,-23,7,68,-1,-1,-1,-18,-61,-15,-5,23,0,1
0,-20,0,69,-2,-1,-1,-16,-61,-15,0,23,0,1
0,-17,0,63,-2,-1,0,-15,-61,-15,0,23,0,1
0,-17,-3,66,-1,0,0,-14,-61,-15,2,23,0,1
0,-14,-2,54,0,0,0,-14,-61,-15,2,23,0,1
0,-14,-8,57,0,0,-1,-13,-61,-15,7,23,1,1
0,-15,-2,54,0,-1,-1,-15,-61,-15,2,23,1,1
0,-17,-4,60,0,-1,-1,-15,-61,-15,3,23,1,1
0,-15,0,55,0,0,-1,-15,-61,-15,0,23,1,1
0,-19,0,67,1,-1,-1,-15,-61,-15,0,23,1,1
0,-24,2,71,1,0,-1,-18,-61,-15,-1,23,1,1
0,-19,1,69,2,0,0,-15,-61,-15,0,23,1,1
0,-16,-3,67,2,-1,-1,-13,-61,-15,2,23,1,1
0,-15,-5,68,2,-1,0,-12,-60,-14,4,23,1,1
0,-13,-5,59,2,-1,0,-12,-60,-14,4,23,1,1
0,-16,-3,67,2,-1,-1,-13,-60,-14,2,23,1,1
0,-11,0,60,3,-1,-1,-10,-60,-14,0,23,1,1
0,-15,0,65,3,-1,-1,-13,-60,-14,0,23,1,1
0,-14,2,68,3,0,0,-11,-60,-14,-1,23,1,1
0,-20,1,76,3,-1,0,-14,-60,-14,0,23,1,1
0,-17,5,72,3,0,0,-13,-60,-13,-3,23,1,1
0,-12,-3,77,3,-1,-1,-8,-60,-13,2,23,1,1
0,-12,-1,73,3,-1,-1,-9,-59,-13,0,23,1,1
0,-8,2,74,3,-1,-1,-6,-59,-13,-1,23,1,1
0,-12,-1,67,2,-1,-1,-10,-59,-13,0,23,1,1
0,-14,-1,66,2,0,-1,-12,-59,-12,0,23,1,1
0,-11,-4,58,2,0,-1,-10,-59,-12,3,23,1,1
0,-13,-1,70,2,0,0,-10,-59,-12,0,23,1,1
0,-15,2,70,2,-1,0,-12,-59,-12,-1,23,1,1
0,-16,7,73,2,-1,-1,-12,-59,-12,-5,23,1,1
0,-13,1,71,2,-1,-1,-10,-59,-12,0,23,1,1
0,-20,6,75,2,-1,-1,-14,-59,-12,-4,23,1,1
0,-13,1,70,2,-1,0,-10,-59,-12,0,24,1,1
0,-12,-1,65,2,-1,0,-10,-59,-12,0,24,1,1
0,-12,-5,64,2,0,0,-10,-58,-11,4,24,1,1
0,-8,-2,60,2,-1,-1,-7,-58,-11,1,24,1,1
0,-12,-8,51,2,-1,0,-13,-58,-11,8,24,1,1
0,-12,-5,55,2,-1,-1,-12,-58,-11,5,24,1,1
0,-18,-1,67,2,-1,-1,-15,-58,-11,0,24,1,1
0,-16,3,58,1,-1,-1,-15,-58,-11,-2,24,1,1
0,-19,4,66,1,-1,0,-16,-58,-11,-3,24,1,1
0,-22,3,63,1,0,-1,-19,-58,-11,-2,24,1,1
0,-18,3,65,1,0,0,-15,-58,-11,-2,24,1,1
0,-9,0,63,1,0,-1,-8,-58,-11,0,24,1,1
0,-11,-3,55,1,-1,-1,-11,-58,-11,3,24,1,1
0,-10,-3,56,1,-1,-1,-10,-58,-11,3,24,1,1
0,-14,-6,49,1,-1,-1,-16,-58,-11,6,24,1,1
0,-12,-8,48,0,-1,-1,-14,-58,-11,9,24,1,1
0,-13,-1,61,0,0,0,-12,-58,-11,0,24,1,1
0,-16,1,60,1,0,0,-14,-58,-11,0,24,1,1
0,-16,-1,65,1,-1,0,-13,-58,-11,0,24,1,1
0,-20,0,66,1,-1,-1,-16,-58,-11,0,24,1,1
0,-14,4,68,1,-1,-1,-11,-58,-11,-3,24,1,1
0,-13,-3,72,1,-1,-1,-10,-58,-11,2,24,1,1
0,-10,-5,68,1,-1,-1,-8,-58,-11,4,24,1,1
0,-6,-4,61,1,-1,-1,-5,-58,-11,3,24,1,1
0,-10,-5,61,1,-1,-1,-9,-58,-11,4,24,1,1
0,-8,-6,54,1,-1,-1,-8,-57,-11,6,24,1,1
0,-7,-2,57,1,-1,0,-7,-57,-11,2,24,1,1
0,-10,2,66,2,-1,-1,-8,-57,-10,-1,24,1,1
0,-10,0,64,2,0,0,-8,-57,-10,0,24,1,1
0,-8,-1,76,2,-1,-1,-6,-57,-10,0,24,1,1
0,-16,4,74,2,0,-1,-12,-57,-10,-3,24,1,1
0,-11,1,79,2,-1,-1,-7,-57,-10,0,24,1,1
0,-7,2,74,2,-1,0,-5,-57,-10,-1,24,1,1
0,-7,-3,76,3,0,0,-5,-57,-10,2,24,1,1
0,-4,0,66,2,0,0,-3,-57,-9,0,24,1,1
0,-8,-1,70,2,0,-1,-6,-57,-9,0,24,1,1
0,-8,-4,61,3,-1,-1,-7,-57,-9,3,24,1,1
0,-9,-2,62,3,-1,-1,-8,-56,-9,1,24,1,1
0,-7,4,72,3,-1,-1,-5,-56,-9,-3,24,1,1
0,-14,6,75,3,0,-1,-10,-56,-9,-4,24,1,1
0,-13,4,76,3,0,-1,-9,-56,-8,-3,24,1,1
0,-11,5,77,3,-1,-1,-8,-56,-8,-3,24,1,1
0,-9,-1,72,3,-1,-1,-7,-56,-8,0,24,1,0
0,-4,-1,73,3,-1,-1,-3,-56,-8,0,24,1,0
0,-6,-1,64,3,-1,-1,-5,-56,-8,0,24,1,0
0,-3,-5,59,3,-1,-1,-2,-55,-8,4,24,1,0
0,-8,-4,51,2,0,-1,-8,-55,-7,4,24,1,0
0,-9,-1,61,3,-1,-1,-8,-55,-7,0,25,1,0
0,-10,-1,63,2,-1,0,-9,-55,-7,0,25,1,0
0,-3,-1,63,3,0,0,-2,-55,-7,0,25,1,0
0,-5,0,69,2,0,0,-4,-55,-7,0,25,1,0
0,-10,2,63,1,0,-1,-9,-55,-7,-1,25,1,0
0,-11,2,68,1,-1,-1,-9,-55,-7,-1,25,1,0
0,-12,2,65,1,-1,-1,-10,-55,-7,-1,25,1,0
0,-11,-1,65,0,-1,-1,-9,-55,-7,0,25,1,0
0,-8,-1,66,0,0,0,-6,-55,-7,0,25,1,0
0,-4,-4,65,-1,0,0,-3,-55,-7,3,25,1,0
0,-5,-5,58,-1,0,0,-4,-55,-7,4,25,1,0
0,-8,-4,59,-1,0,0,-7,-55,-7,3,25,1,0
0,-7,-5,55,-2,-1,0,-7,-55,-7,5,25,1,0
0,2,-6,52,-2,-1,0,2,-55,-7,6,25,1,0
0,-9,1,56,-2,-1,-1,-9,-55,-7,-1,25,1,0
0,-6,-2,59,-3,-1,-1,-5,-55,-7,1,25,1,0
0,-9,-2,58,-3,-1,-1,-8,-55,-7,1,25,1,0
0,-11,2,63,-3,-1,-1,-9,-56,-7,-1,25,1,0
0,-11,-3,69,-3,-1,0,-9,-56,-7,2,25,1,0
0,-9,3,70,-4,0,0,-7,-56,-8,-2,25,1,0
0,-7,3,78,-4,0,-1,-5,-56,-8,-2,25,1,0
0,-5,2,78,-5,0,0,-3,-56,-8,-1,25,1,0
0,-5,1,78,-4,-1,0,-3,-56,-8,0,25,1,0
0,-5,3,71,-5,-1,0,-4,-56,-8,-2,25,1,0
0,-8,0,68,-5,0,-1,-6,-57,-8,0,25,1,0
0,-5,1,64,-6,0,0,-4,-57,-8,0,25,1,0
0,-6,-3,65,-7,0,-1,-5,-57,-8,2,25,1,1
0,-8,0,58,-6,0,-1,-7,-57,-9,0,25,1,1
0,-12,2,62,-6,0,0,-10,-58,-9,-1,25,1,1
0,-12,-1,63,-7,0,0,-10,-58,-9,0,25,1,1
0,-21,3,58,-6,0,0,-20,-58,-10,-2,25,1,1
0,-17,5,67,-6,0,0,-14,-58,-10,-4,25,1,1
0,-18,3,63,-6,-1,0,-16,-59,-10,-2,25,0,1
0,-19,2,67,-6,-1,-1,-15,-59,-10,-1,25,0,1
0,-10,-5,61,-6,-1,0,-9,-59,-11,4,25,1,1
0,-19,-5,62,-6,0,0,-17,-59,-11,4,25,1,1
0,-14,-3,61,-5,0,0,-12,-59,-11,2,25,1,1
0,-9,-4,51,-5,0,0,-10,-60,-11,4,25,1,1
0,-10,-5,54,-5,-1,0,-10,-60,-12,5,25,1,1
0,-16,-3,51,-4,0,0,-17,-60,-12,3,25,1,1
0,-14,-3,56,-4,-1,-1,-14,-60,-12,3,25,1,1
0,-22,-2,55,-5,-1,-1,-21,-60,-12,2,25,1,1
0,-12,3,61,-4,-1,-1,-11,-60,-12,-2,25,1,1
0,-18,-1,60,-4,-1,0,-16,-61,-13,0,25,1,1
0,-17,1,68,-4,-1,-1,-14,-61,-13,0,25,1,1
0,-12,1,67,-3,-1,0,-10,-61,-13,0,25,1,1
0,-13,-3,65,-3,0,0,-11,-61,-13,2,25,1,1
0,-15,0,67,-3,0,0,-12,-61,-13,0,25,1,1
0,-14,-2,61,-2,-1,0,-12,-61,-13,1,25,1,1
0,-12,-6,62,-2,-1,-1,-10,-61,-13,5,25,1,1
0,-14,-5,55,-2,-1,-1,-14,-61,-13,5,25,1,1
0,-15,-1,62,-2,0,-1,-13,-61,-13,0,25,1,1
0,-18,3,67,-2,-1,0,-15,-61,-13,-2,25,1,1
0,-18,-2,71,-2,0,0,-14,-62,-13,1,25,1,1
0,-16,7,77,-1,0,0,-11,-62,-13,-5,25,1,1
0,-14,1,76,-2,-1,-1,-10,-62,-13,0,25,1,1
0,-9,0,71,-1,-1,-1,-7,-62,-13,0,25,1,1
0,-14,-3,74,-1,-1,-1,-10,-62,-13,2,25,1,1
0,-11,-1,67,-2,-1,-1,-9,-62,-13,0,25,1,1
0,-13,-3,66,-2,-1,-1,-11,-62,-13,2,25,1,1
0,-10,-5,59,-1,-1,-1,-9,-62,-13,4,25,1,1
0,-17,0,61,-1,0,0,-15,-62,-13,0,25,1,1
0,-17,0,69,-1,0,-1,-13,-62,-13,0,25,1,1
0,-20,5,66,-1,0,-1,-16,-62,-13,-4,25,1,1
0,-14,0,76,0,-1,-1,-10,-62,-13,0,26,1,1
0,-24,7,73,0,-1,-1,-18,-62,-13,-5,26,1,1
0,-15,4,74,0,-1,-1,-11,-62,-13,-3,26,1,1
0,-17,-3,72,0,-1,-1,-13,-62,-13,2,26,1,1
0,-17,1,76,0,0,0,-12,-62,-13,0,26,1,1
0,-12,-2,63,0,0,0,-10,-62,-13,1,26,1,1
0,-11,-3,64,0,0,0,-9,-62,-13,2,26,1,1
0,-17,-2,55,1,-1,-1,-17,-62,-13,2,26,1,1
0,-18,1,54,1,-1,-1,-18,-62,-13,-1,26,1,1
0,-17,1,59,0,-1,-1,-16,-62,-13,0,26,1,1
0,-23,2,63,0,-1,0,-20,-62,-13,-1,26,1,1
0,-19,0,70,0,0,-1,-15,-62,-13,0,26,1,1
0,-22,8,68,1,0,-1,-18,-62,-13,-6,26,1,1
0,-22,3,71,1,0,-1,-17,-62,-13,-2,26,0,1
0,-20,-1,64,1,0,-1,-17,-62,-13,0,26,0,1
0,-14,0,62,1,-1,0,-12,-62,-13,0,26,0,1
0,-12,-2,58,1,-1,-1,-11,-62,-13,1,26,0,1
0,-13,0,46,1,-1,-1,-15,-62,-13,0,26,0,1
0,-17,0,55,2,-1,-1,-17,-62,-13,0,26,0,1
0,-15,-3,58,2,-1,-1,-14,-61,-13,2,26,1,1
0,-16,6,63,2,0,0,-14,-61,-13,-5,26,0,1
0,-23,3,69,2,0,-1,-18,-61,-13,-2,26,0,1
0,-20,9,71,2,0,-1,-15,-61,-13,-7,26,0,1
0,-16,1,67,2,0,0,-13,-61,-13,0,26,0,1
0,-21,-4,62,3,-1,-1,-18,-61,-13,3,26,0,1
0,-12,-6,60,3,-1,-1,-11,-61,-13,5,26,0,1
0,-11,-2,55,2,-1,-1,-11,-61,-13,2,26,0,1
0,-15,-4,58,2,-1,0,-14,-61,-13,3,26,0,1
0,-15,-6,49,2,-1,-1,-17,-61,-13,6,26,1,1
0,-19,1,56,3,0,-1,-18,-61,-13,-1,26,1,1
0,-16,-1,59,2,-1,-1,-15,-60,-13,0,26,1,1
0,-15,2,59,2,-1,-1,-14,-60,-12,-1,26,1,1
0,-16,-4,63,2,-1,-1,-14,-60,-12,3,26,1,1
0,-19,6,62,2,-1,-1,-17,-60,-12,-5,26,1,1
0,-16,-1,66,2,-1,-1,-13,-60,-12,0,26,1,1
0,-9,-3,66,2,0,-1,-7,-60,-12,2,26,1,1
0,-13,-7,65,2,0,0,-11,-60,-12,6,26,1,1
0,-8,-3,57,2,-1,-1,-7,-60,-12,3,26,1,1
0,-10,-1,65,3,-1,-1,-8,-60,-12,0,26,1,1
0,-14,-6,55,2,0,-1,-14,-60,-12,6,26,1,1
0,-6,-2,63,2,-1,-1,-5,-60,-11,1,26,1,1
0,-11,0,68,2,-1,-1,-9,-60,-11,0,26,1,1
0,-11,4,68,2,-1,0,-9,-59,-11,-3,26,1,1
0,-11,0,75,2,0,-1,-8,-59,-11,0,26,1,1
0,-12,5,79,3,0,-1,-8,-59,-11,-3,26,1,1
0,-11,6,79,3,-1,-1,-7,-59,-11,-4,26,1,1
0,-8,2,76,3,-1,0,-6,-59,-10,-1,26,1,1
0,-7,-4,69,2,-1,-1,-5,-59,-10,3,26,1,1
0,-2,0,69,2,-1,-1,-1,-59,-10,0,26,1,1
0,-14,-5,59,2,-1,-1,-13,-59,-10,4,26,1,1
0,-4,-2,61,2,-1,0,-3,-59,-10,1,27,1,1
0,-15,3,69,2,0,-1,-12,-59,-10,-2,27,1,1
0,-12,2,64,2,0,-1,-10,-59,-10,-1,27,1,1
0,-15,4,77,2,0,0,-11,-58,-10,-2,27,1,1
0,-19,4,69,2,-1,-1,-15,-58,-10,-3,27,0,1
0,-14,2,76,3,-1,-1,-10,-58,-9,-1,27,0,1
0,-10,-3,74,2,-1,-1,-7,-58,-9,2,27,1,1
0,-7,0,69,2,-1,-1,-5,-58,-9,0,27,1,1
0,-7,-3,58,2,-1,-1,-6,-58,-9,2,27,1,1
0,-7,-2,61,3,0,-1,-6,-58,-9,1,27,1,1
0,-7,-8,50,3,0,0,-7,-58,-9,9,27,1,1
0,-9,-3,61,3,-1,-1,-8,-58,-9,2,27,1,1
0,-9,4,59,3,-1,-1,-8,-58,-8,-3,27,1,1
0,-7,0,64,3,-1,-1,-6,-57,-8,0,27,1,0
0,-15,1,69,3,-1,-1,-12,-57,-8,0,27,1,0
0,-13,7,71,3,-1,-1,-10,-57,-8,-5,27,1,0
0,-9,2,71,3,-1,-1,-7,-57,-8,-1,27,1,0
0,-9,1,70,3,0,-1,-7,-57,-8,0,27,1,0
0,-7,0,65,3,0,-1,-6,-57,-8,0,27,1,0
0,-5,-3,63,3,0,0,-4,-57,-7,2,27,1,0
0,-7,2,64,3,-1,-1,-6,-57,-7,-1,27,1,0
0,-6,-6,49,2,-1,-1,-6,-56,-7,6,27,1,0
0,-7,-5,50,2,-1,-1,-7,-56,-7,5,27,1,0
0,-8,-3,55,1,0,-1,-8,-56,-7,3,27,1,0
0,-10,-4,55,1,-1,0,-10,-56,-7,4,27,1,0
0,-7,3,61,0,0,0,-6,-56,-7,-2,27,1,0
0,-11,-4,62,0,0,0,-10,-56,-7,3,27,1,0
0,-10,1,66,0,0,-1,-8,-56,-7,0,27,1,0
0,-7,1,70,-1,0,0,-5,-56,-7,0,27,1,0
0,-6,-4,69,-1,-1,0,-4,-56,-7,3,27,1,0
0,-8,2,71,-2,-1,-1,-6,-56,-7,-1,27,1,0
0,-5,-3,67,-2,-1,-1,-4,-57,-7,2,27,1,0
0,-3,-2,77,-3,-1,-1,-2,-57,-7,1,27,1,0
0,-1,0,69,-4,0,0,0,-57,-7,0,27,1,0
0,-3,-2,69,-4,-1,0,-2,-57,-7,1,27,1,0
0,-2,1,69,-5,-1,0,-1,-57,-7,0,27,1,0
0,-6,-3,66,-5,0,0,-5,-57,-7,2,27,1,0
0,-2,3,68,-5,0,0,-1,-58,-7,-2,27,1,0
0,-9,1,69,-5,0,0,-7,-58,-8,0,27,1,0
0,-12,2,66,-6,-1,0,-10,-58,-8,-1,27,1,0
0,-13,6,66,-6,-1,0,-11,-58,-8,-5,27,1,0
0,-11,4,70,-6,-1,-1,-8,-58,-8,-3,27,1,1
0,-12,7,72,-7,-1,0,-9,-59,-9,-5,27,0,1
0,-14,2,71,-7,0,0,-11,-59,-9,-1,27,0,1
0,-12,3,73,-7,0,-1,-9,-59,-9,-2,27,0,1
0,-17,1,71,-7,-1,0,-13,-59,-10,0,27,0,1
0,-15,0,64,-7,0,0,-13,-60,-10,0,27,0,1
0,-13,0,66,-6,-1,0,-11,-60,-10,0,27,0,1
0,-12,-7,60,-6,-1,0,-11,-60,-10,6,27,0,1
0,-12,-1,55,-6,0,0,-12,-60,-11,1,27,0,1
0,-10,-8,49,-7,-1,0,-11,-61,-11,9,27,1,1
0,-13,-6,51,-6,0,-1,-14,-61,-11,6,27,1,1
0,-16,-1,53,-6,-1,0,-16,-61,-11,1,27,1,1
0,-17,0,53,-6,0,0,-17,-61,-12,0,27,1,1
0,-14,-2,58,-5,0,0,-13,-62,-12,1,27,1,1
0,-16,0,62,-5,0,0,-14,-62,-12,0,27,1,1
0,-19,-2,65,-4,-1,0,-16,-62,-12,1,27,1,1
0,-12,0,61,-4,-1,0,-11,-62,-13,0,27,1,1
0,-16,-3,64,-4,-1,-1,-14,-62,-13,2,28,1,1
0,-15,-7,57,-4,-1,0,-14,-62,-13,7,28,1,1
0,-13,-1,61,-3,0,0,-12,-62,-13,0,28,1,1
0,-11,-4,53,-3,0,-1,-11,-63,-13,4,28,1,1
0,-17,-3,56,-3,-1,0,-16,-63,-13,3,28,1,1
0,-17,-2,57,-2,-1,0,-16,-63,-13,2,28,1,1
0,-19,5,55,-2,0,-1,-19,-63,-13,-5,28,1,1
0,-21,-1,66,-2,-1,-1,-17,-63,-14,0,28,1,1
0,-19,2,71,-2,-1,-1,-15,-63,-14,-1,28,1,1
0,-15,1,69,-2,-1,0,-12,-63,-14,0,28,1,1
0,-17,1,65,-2,-1,0,-14,-63,-14,0,28,1,1
0,-13,-6,73,-2,-1,0,-10,-63,-14,4,28,1,1
0,-10,-2,59,-2,0,0,-9,-63,-14,1,28,1,1
0,-8,-3,64,-2,0,0,-7,-63,-14,2,28,1,1
0,-14,-5,56,-2,0,0,-14,-63,-14,5,28,1,1
0,-11,0,59,-2,-1,-1,-10,-63,-14,0,28,1,1
0,-11,-1,66,-2,-1,-1,-9,-64,-14,0,28,1,1
0,-19,1,65,-2,-1,-1,-16,-64,-14,0,28,1,1
0,-16,2,73,-1,0,-1,-12,-64,-14,-1,28,1,1
0,-19,1,75,-1,0,0,-14,-64,-14,0,28,1,1
0,-16,6,76,-1,0,0,-11,-64,-14,-4,28,1,1
0,-14,0,77,-1,0,-1,-10,-64,-14,0,28,1,1
0,-14,-1,74,-1,-1,-1,-10,-64,-14,0,28,1,1
0,-13,-1,73,-1,-1,0,-10,-64,-14,0,28,1,1
0,-10,0,68,-1,-1,-1,-8,-64,-14,0,28,1,1
0,-9,-1,62,-1,-1,-1,-8,-64,-13,0,28,1,1
0,-15,-3,64,-1,-1,-1,-13,-64,-13,2,28,1,1
0,-16,2,65,-1,-1,-1,-13,-64,-13,-1,28,1,1
0,-17,4,62,-1,0,0,-15,-64,-14,-3,28,1,1
0,-20,4,68,-1,0,0,-16,-64,-14,-3,28,1,1
0,-19,1,73,-1,0,0,-14,-64,-14,0,28,1,1
0,-22,7,74,-1,-1,-1,-16,-64,-14,-5,28,0,1
0,-17,3,73,-1,-1,-1,-13,-64,-14,-2,28,0,1
0,-16,-2,67,-1,-1,-1,-13,-64,-14,1,28,0,1
0,-16,1,65,-1,-1,-1,-13,-64,-14,0,28,0,1
0,-16,0,60,0,0,0,-14,-64,-14,0,28,0,1
0,-15,-5,56,0,0,0,-15,-64,-14,5,28,1,1
0,-12,-2,54,0,0,0,-12,-64,-14,2,28,1,1
0,-14,-2,60,1,-1,-1,-13,-64,-14,1,28,1,1
0,-22,-1,56,1,-1,0,-21,-64,-14,1,28,1,1
0,-13,5,64,1,-1,-1,-11,-64,-14,-4,28,1,1
0,-22,1,65,1,-1,-1,-18,-64,-14,0,28,1,1
0,-21,5,75,1,-1,-1,-15,-64,-14,-3,28,0,1
0,-19,1,68,2,0,0,-15,-64,-14,0,28,0,1
0,-15,-1,63,2,-1,0,-13,-64,-14,0,28,0,1
0,-14,-6,62,2,0,-1,-12,-64,-13,5,28,1,1
0,-14,3,58,2,-1,-1,-13,-64,-13,-2,28,0,1
0,-14,-6,48,2,-1,-1,-16,-64,-13,7,28,1,1
0,-16,-2,53,2,-1,-1,-16,-63,-13,2,28,1,1
0,-19,1,55,1,0,-1,-19,-63,-13,-1,28,1,1
0,-18,1,55,2,-1,-1,-18,-63,-13,-1,28,1,1
0,-18,5,69,2,0,0,-14,-63,-13,-4,28,0,1
0,-22,3,66,2,0,-1,-18,-63,-13,-2,28,0,1
0,-16,2,64,2,0,0,-14,-63,-13,-1,28,0,1
0,-18,2,61,2,0,-1,-16,-63,-13,-1,28,0,1
0,-16,-5,61,2,-1,-1,-14,-63,-13,4,28,0,1
0,-14,-1,61,2,-1,-1,-12,-63,-13,0,28,0,1
0,-16,-5,51,2,-1,-1,-17,-63,-13,5,29,1,1
0,-15,-6,53,3,0,0,-15,-63,-13,6,29,1,1
0,-20,-1,62,3,-1,0,-17,-63,-13,0,29,1,1
0,-18,0,56,3,0,0,-17,-62,-13,0,29,1,1
0,-18,0,67,3,-1,-1,-15,-62,-13,0,29,1,1
0,-22,2,66,3,-1,-1,-18,-62,-13,-1,29,1,1
0,-16,1,68,3,-1,-1,-13,-62,-13,0,29,1,1
0,-11,-2,63,2,-1,-1,-9,-62,-12,1,29,1,1
0,-13,-5,68,2,-1,-1,-10,-62,-12,4,29,1,1
0,-10,-7,61,2,-1,-1,-9,-62,-12,6,29,1,1
0,-13,-1,61,2,-1,-1,-12,-62,-12,0,29,1,1
0,-8,-4,55,2,-1,0,-8,-62,-12,4,29,1,1
0,-10,-4,52,2,-1,-1,-10,-62,-12,4,29,1,1
0,-10,0,61,2,-1,-1,-9,-61,-12,0,29,1,1
0,-15,1,63,2,-1,-1,-13,-61,-12,0,29,1,1
0,-12,3,69,2,-1,-1,-9,-61,-11,-2,29,1,1
0,-18,4,73,2,-1,-1,-13,-61,-11,-3,29,1,1
0,-14,6,79,2,0,-1,-10,-61,-11,-4,29,1,1
0,-11,1,79,2,0,0,-7,-61,-11,0,29,1,1
0,-10,2,78,2,0,0,-7,-61,-11,-1,29,1,1
0,-9,-3,73,2,0,0,-7,-61,-11,2,29,1,1
0,-1,1,63,2,-1,-1,0,-61,-10,0,29,1,1
0,-3,-2,68,2,-1,-1,-2,-61,-10,1,29,1,1
0,-9,-3,62,2,-1,-1,-8,-61,-10,2,29,1,1
0,-11,2,61,1,-1,-1,-10,-61,-10,-1,29,1,1
0,-14,6,67,2,0,-1,-11,-61,-10,-5,29,1,1
0,-14,7,74,2,0,0,-10,-60,-10,-5,29,0,1
0,-20,6,75,2,-1,0,-14,-60,-10,-4,29,0,1
0,-15,2,77,2,-1,0,-11,-60,-10,-1,29,0,1
0,-9,2,76,3,-1,-1,-6,-60,-10,-1,29,0,1
0,-9,2,75,3,-1,-1,-6,-60,-9,-1,29,0,1
0,-8,-4,69,3,-1,-1,-6,-60,-9,3,29,0,1
0,-7,4,72,3,-1,-1,-5,-60,-9,-3,29,0,1
0,-13,-10,61,2,-1,-1,-12,-60,-9,9,29,1,1
0,-12,-2,57,3,0,-1,-11,-60,-9,2,29,1,1
0,-13,1,66,2,0,0,-11,-60,-9,0,29,0,1
0,-11,-2,65,2,0,0,-9,-59,-9,1,29,0,1
0,-9,6,62,3,-1,-1,-8,-59,-9,-5,29,0,1
0,-10,0,66,3,-1,-1,-8,-59,-9,0,29,0,1
0,-12,3,68,3,-1,-1,-10,-59,-8,-2,29,0,1
0,-9,5,69,3,-1,-1,-7,-59,-8,-4,29,0,1
0,-11,-3,69,3,0,-1,-9,-59,-8,2,29,0,0
0,-8,-1,69,3,-1,-1,-6,-59,-8,0,29,0,0
0,-3,0,64,3,0,0,-2,-59,-8,0,29,0,0
0,-6,-2,65,4,-1,0,-5,-58,-8,1,29,0,0
0,-9,-6,56,4,-1,0,-9,-58,-7,6,29,0,0
0,-5,-1,58,3,-1,-1,-4,-58,-7,0,30,1,0
0,-7,-2,62,2,-1,-1,-6,-58,-7,1,30,1,0
0,-13,2,61,2,-1,-1,-12,-58,-7,-1,30,1,0
0,-11,3,60,2,-1,-1,-10,-58,-7,-2,30,0,0
0,-8,7,63,1,0,-1,-7,-58,-7,-6,30,0,0
0,-12,-2,69,1,0,-1,-9,-58,-7,1,30,0,0
0,-10,3,67,1,0,0,-8,-58,-7,-2,30,0,0
0,-7,7,67,0,0,0,-5,-58,-7,-5,30,0,0
0,-3,0,64,0,0,-1,-2,-58,-7,0,30,0,0
0,-9,-3,62,0,-1,0,-8,-58,-7,2,30,0,0
0,-9,-6,61,-1,-1,0,-8,-58,-7,5,30,0,0
0,-4,-5,60,-1,-1,-1,-3,-58,-7,4,30,0,0
0,-6,-3,56,-1,-1,-1,-6,-58,-7,3,30,0,0
0,-4,-3,55,-2,-1,-1,-4,-58,-7,3,30,1,0
0,-5,-6,56,-2,-1,0,-5,-58,-7,6,30,1,0
0,-5,-5,55,-3,0,0,-5,-58,-7,5,30,1,0
0,-6,-3,55,-3,0,0,-6,-58,-7,3,30,1,0
0,-3,-2,56,-4,0,0,-3,-58,-7,2,30,1,0
0,-9,-1,61,-4,0,0,-8,-59,-7,0,30,1,0
0,-9,2,59,-5,0,0,-8,-59,-7,-1,30,1,0
0,-4,-1,67,-5,0,0,-3,-59,-8,0,30,1,0
0,-9,0,70,-6,-1,-1,-7,-59,-8,0,30,1,0
0,-8,0,71,-7,-1,0,-6,-59,-8,0,30,1,0
0,-12,-1,77,-7,-1,0,-8,-60,-8,0,30,1,0
0,-5,5,79,-7,0,0,-3,-60,-8,-3,30,1,1
0,-8,5,81,-7,-1,0,-5,-60,-9,-3,30,1,1
0,-4,4,76,-7,0,0,-3,-61,-9,-3,30,0,1
0,-7,3,74,-7,0,0,-5,-61,-9,-2,30,0,1
0,-9,3,74,-7,0,0,-6,-61,-9,-2,30,0,1
0,-9,-3,65,-6,0,0,-7,-61,-9,2,30,0,1
0,-8,2,66,-6,0,0,-6,-62,-9,-1,30,0,1
0,-12,-3,65,-6,-1,-1,-10,-62,-10,2,30,0,1
0,-10,0,58,-5,-1,0,-9,-62,-10,0,30,0,1
0,-15,3,66,-5,-1,0,-12,-62,-10,-2,30,0,1
0,-18,7,62,-6,0,0,-16,-62,-10,-6,30,0,1
0,-18,7,67,-5,0,0,-15,-63,-11,-5,30,0,1
0,-13,2,77,-5,0,0,-9,-63,-11,-1,30,0,1
0,-17,2,68,-5,0,0,-14,-63,-11,-1,30,0,1
0,-17,3,66,-4,0,0,-14,-63,-11,-2,30,0,1
0,-15,-3,60,-4,-1,0,-14,-63,-11,2,30,0,1
0,-14,-5,57,-4,-1,-1,-13,-63,-12,5,30,0,1
0,-15,-2,55,-4,-1,-1,-15,-64,-12,2,30,0,1
0,-15,-4,51,-4,0,0,-16,-64,-12,4,30,0,1
0,-16,0,59,-3,0,0,-15,-64,-12,0,30,0,1
0,-21,1,53,-2,-1,0,-21,-64,-12,-1,30,0,1
0,-20,2,64,-2,0,0,-17,-64,-13,-1,30,0,1
0,-18,1,59,-2,0,0,-17,-64,-13,0,30,0,1
0,-18,8,66,-2,-1,-1,-15,-64,-13,-6,30,0,1
0,-15,4,67,-2,-1,-1,-12,-64,-13,-3,30,0,1
0,-19,-3,63,-2,-1,0,-16,-64,-13,2,30,0,1
0,-19,-2,62,-1,-1,-1,-17,-64,-13,1,30,0,1
0,-16,-3,54,-1,-1,0,-16,-64,-13,3,30,0,1
0,-14,-4,59,-1,-1,0,-13,-64,-13,3,30,0,1
0,-18,-7,52,0,-1,0,-19,-64,-13,7,30,0,1
0,-17,1,51,-1,-1,0,-18,-64,-13,-1,30,0,1
0,-19,0,53,-1,-1,-1,-19,-64,-14,0,30,0,1
0,-20,4,55,-1,-1,-1,-20,-64,-14,-4,30,0,1
0,-19,1,62,-1,0,-1,-17,-64,-14,0,30,0,1
0,-18,6,65,-1,0,-1,-15,-64,-14,-5,30,0,1
0,-18,0,72,-1,0,0,-14,-65,-14,0,30,0,1
0,-16,-5,64,0,0,-1,-14,-65,-14,4,30,0,1
0,-21,-2,65,0,0,-1,-17,-65,-14,1,30,0,1
0,-13,-4,63,0,0,-1,-11,-65,-14,3,30,0,1
0,-13,-5,60,0,-1,-1,-12,-65,-14,4,30,0,1
0,-16,-4,57,0,-1,-1,-15,-65,-14,4,30,0,1
0,-12,-3,56,0,-1,-1,-12,-65,-14,3,31,1,1
0,-15,-4,59,1,0,-1,-14,-64,-14,3,31,1,1
0,-20,0,58,1,0,0,-19,-64,-14,0,31,1,1
0,-17,-5,66,1,-1,-1,-14,-64,-14,4,31,1,1
0,-19,2,69,2,-1,0,-15,-64,-14,-1,31,1,1
0,-18,-2,70,1,0,-1,-14,-64,-14,1,31,1,1
0,-12,-4,71,1,-1,-1,-9,-64,-14,3,31,1,1
0,-14,-1,66,2,-1,-1,-12,-64,-13,0,31,1,1
0,-9,-5,58,3,-1,-1,-8,-64,-13,4,31,1,1
0,-10,-3,60,2,0,-1,-9,-64,-13,2,31,1,1
0,-11,-8,58,1,-1,-1,-10,-64,-13,7,31,1,1
0,-15,-4,54,1,0,-1,-15,-64,-13,4,31,1,1
0,-9,-3,61,1,0,0,-8,-64,-13,2,31,1,1
0,-14,1,67,1,-1,-1,-11,-64,-13,0,31,1,1
0,-13,4,68,1,-1,-1,-10,-64,-13,-3,31,1,1
0,-11,1,76,1,-1,-1,-8,-64,-12,0,31,1,1
0,-19,5,77,1,-1,-1,-13,-64,-12,-3,31,1,1
0,-12,1,74,0,-1,-1,-9,-64,-12,0,31,1,1
0,-13,1,75,1,-1,-1,-9,-64,-12,0,31,1,1
0,-13,0,73,1,-1,0,-10,-64,-12,0,31,1,1
0,-8,1,72,1,0,0,-6,-64,-12,0,31,1,1
0,-13,1,71,1,0,0,-10,-64,-12,0,31,1,1
0,-7,-1,63,1,-1,-1,-6,-63,-12,0,31,1,1
0,-12,-1,59,2,-1,-1,-11,-63,-12,0,31,1,1
0,-12,4,67,2,-1,-1,-10,-63,-12,-3,31,1,1
0,-17,0,65,2,0,0,-14,-63,-11,0,31,1,1
0,-12,10,67,2,-1,0,-10,-63,-11,-8,31,0,1
0,-12,0,79,2,0,-1,-8,-63,-11,0,31,0,1
0,-13,4,76,2,0,-1,-9,-63,-11,-3,31,0,1
0,-14,2,78,2,-1,-1,-10,-63,-11,-1,31,0,1
0,-8,-1,72,2,-1,0,-6,-63,-11,0,31,0,1
0,-11,-5,65,2,-1,-1,-9,-63,-11,4,31,0,1
0,-9,-2,63,1,-1,-1,-8,-63,-11,1,31,1,1
0,-12,-5,49,1,-1,-1,-13,-63,-11,5,31,1,1
0,-6,-5,58,1,-1,-1,-5,-63,-10,4,31,1,1
0,-17,-2,65,1,0,0,-14,-63,-10,1,31,1,1
0,-13,5,57,2,0,0,-12,-63,-10,-5,31,1,1
0,-13,2,72,2,0,0,-10,-62,-10,-1,31,1,1
0,-18,2,69,2,-1,-1,-14,-62,-10,-1,31,1,1
0,-14,1,71,2,-1,-1,-11,-62,-10,0,31,1,1
0,-8,-1,67,2,-1,-1,-6,-62,-10,0,31,1,1
0,-8,3,66,2,-1,-1,-6,-62,-10,-2,31,0,1
0,-5,-6,61,3,0,-1,-4,-62,-10,5,31,1,1
0,-8,0,60,3,0,-1,-7,-62,-10,0,31,1,1
0,-12,-3,53,3,0,0,-12,-62,-9,3,31,1,1
0,-9,-8,58,4,-1,-1,-8,-62,-9,7,31,1,1
0,-12,1,63,3,-1,-1,-10,-61,-9,0,31,1,1
0,-13,-1,59,4,-1,-1,-12,-61,-9,0,31,1,1
0,-11,5,65,4,-1,-1,-9,-61,-9,-4,31,1,1
0,-18,2,67,3,-1,-1,-15,-61,-9,-1,31,1,1
0,-13,6,69,3,-1,-1,-10,-61,-9,-4,31,1,1
0,-12,2,70,3,-1,-1,-9,-61,-9,-1,32,1,1
0,-11,-1,68,4,0,0,-9,-61,-9,0,32,0,1
0,-7,-3,63,4,0,-1,-6,-60,-8,2,32,1,0
0,-7,0,57,4,0,-1,-7,-60,-8,0,32,1,0
0,-7,0,59,4,-1,-1,-6,-60,-8,0,32,1,0
0,-7,-3,53,3,-1,-1,-7,-60,-8,3,32,1,0
0,-7,0,50,3,-1,-1,-7,-60,-8,0,32,1,0
0,-11,-2,54,3,0,-1,-11,-60,-8,2,32,1,0
0,-8,-1,59,3,0,0,-7,-60,-7,0,32,1,0
0,-13,-3,57,3,0,0,-12,-60,-7,3,32,1,0
0,-12,0,61,2,0,0,-11,-59,-7,0,32,1,0
0,-10,1,62,2,-1,-1,-9,-59,-7,0,32,1,0
0,-7,-4,67,2,-1,-1,-5,-59,-7,3,32,1,0
0,-4,-1,64,2,-1,-1,-3,-59,-7,0,32,1,0
0,-4,-2,73,1,-1,-1,-3,-59,-7,1,32,1,0
0,-1,-2,68,1,-1,-1,0,-59,-7,1,32,1,0
0,-2,-4,67,1,-1,-1,-1,-59,-7,3,32,1,0
0,-2,-4,63,0,0,0,-1,-59,-6,3,32,1,0
0,-1,-3,57,0,0,-1,-1,-59,-6,3,32,1,0
0,-1,-1,60,0,0,-1,0,-59,-6,0,32,1,0
0,-4,-2,64,0,0,0,-3,-59,-6,1,32,1,0
0,-6,0,67,-1,-1,-1,-5,-59,-6,0,32,1,0
0,-7,5,65,-1,-1,-1,-6,-59,-6,-4,32,1,0
0,-8,5,74,0,-1,-1,-6,-59,-6,-3,32,1,0
0,-7,1,78,-1,-1,0,-5,-59,-6,0,32,1,0
0,-5,6,77,-1,0,-1,-3,-59,-6,-4,32,1,0
0,-7,1,78,-1,-1,-1,-5,-59,-6,0,32,1,0
0,-7,3,75,-1,0,0,-5,-59,-6,-2,32,0,0
0,-4,2,76,-1,0,0,-3,-59,-6,-1,32,0,0
0,-4,0,78,-2,0,0,-2,-59,-6,0,32,0,0
0,-3,-3,73,-2,0,-1,-2,-59,-6,2,32,0,0
0,-4,3,74,-2,-1,-1,-3,-60,-6,-2,32,0,0
0,-4,-2,67,-2,-1,0,-3,-60,-6,1,32,0,0
0,-1,-3,59,-3,-1,-1,0,-60,-6,2,32,1,0
0,-8,-2,59,-4,-1,-1,-7,-60,-6,1,32,1,0
0,-9,0,61,-4,0,0,-8,-60,-6,0,32,1,0
0,-12,0,58,-5,-1,0,-11,-60,-7,0,32,1,0
0,-10,0,63,-5,0,0,-9,-60,-7,0,32,0,0
0,-10,2,63,-6,0,0,-9,-61,-7,-1,32,0,0
0,-14,2,66,-5,0,0,-12,-61,-7,-1,32,0,0
0,-12,1,66,-5,0,0,-10,-61,-8,0,32,0,0
0,-8,1,64,-6,-1,0,-7,-61,-8,0,32,0,0
0,-10,3,65,-7,0,-1,-8,-62,-8,-2,32,0,0
0,-7,-1,66,-7,-1,-1,-6,-62,-8,0,32,0,0
0,-7,-2,68,-8,-1,-1,-5,-62,-9,1,32,0,1
0,-4,1,67,-8,0,0,-3,-62,-9,0,32,0,1
0,-7,-6,60,-9,0,-1,-6,-63,-9,5,32,0,1
0,-10,-2,62,-9,0,0,-9,-63,-9,1,32,0,1
0,-3,-8,57,-10,0,0,-3,-63,-10,7,32,1,1
0,-10,-3,57,-10,0,0,-9,-64,-10,3,32,1,1
0,-11,-2,62,-10,-1,0,-10,-64,-10,1,32,1,1
0,-12,-4,63,-10,-1,0,-10,-65,-11,3,32,1,1
0,-14,2,62,-10,-1,0,-12,-65,-11,-1,32,1,1
0,-16,4,76,-10,-1,0,-11,-65,-11,-3,32,1,1
0,-15,7,75,-9,0,0,-11,-66,-12,-5,32,0,1
0,-14,3,79,-9,-1,0,-10,-66,-12,-2,32,0,1
0,-14,6,77,-9,0,0,-10,-66,-12,-4,32,0,1
0,-13,2,76,-8,0,0,-9,-67,-13,-1,32,0,1
0,-13,1,73,-8,0,0,-10,-67,-13,0,32,0,1
0,-17,1,64,-8,0,0,-14,-67,-13,0,32,0,1
0,-15,1,67,-8,-1,-1,-12,-68,-13,0,32,0,1
0,-18,-4,59,-7,-1,-1,-17,-68,-14,3,32,0,1
0,-15,1,61,-7,-1,0,-13,-68,-14,0,32,0,1
0,-20,4,66,-6,-1,0,-16,-68,-14,-3,32,0,1
0,-24,6,61,-6,0,0,-21,-69,-15,-5,32,0,1
0,-25,7,65,-6,0,-1,-21,-69,-15,-6,32,0,1
0,-23,4,70,-6,0,0,-18,-69,-15,-3,32,0,1
0,-26,4,69,-5,0,-1,-20,-69,-16,-3,32,0,1
0,-21,3,68,-5,0,-1,-17,-70,-16,-2,32,0,1
0,-18,-3,66,-5,-1,-1,-15,-70,-16,2,32,0,1
0,-15,0,62,-4,0,-1,-13,-70,-16,0,32,0,1
0,-21,-4,57,-4,0,0,-20,-70,-16,4,32,0,1
0,-23,1,55,-4,0,0,-22,-70,-16,-1,32,0,1
0,-19,2,60,-3,0,-1,-17,-70,-17,-1,32,0,1
0,-22,2,55,-2,0,0,-21,-70,-17,-2,32,0,1
0,-25,1,66,-2,0,0,-20,-70,-17,0,32,0,1
0,-25,-1,68,-2,-1,0,-20,-71,-17,0,33,0,1
0,-27,7,70,-1,-1,-1,-21,-71,-17,-5,33,0,2
0,-21,2,72,-1,-1,-1,-16,-71,-17,-1,33,0,2
0,-18,-1,66,-1,-1,-1,-15,-71,-17,0,33,0,1
0,-21,-2,66,0,0,0,-17,-71,-17,1,33,0,1
0,-22,1,59,1,-1,0,-20,-71,-17,0,33,0,2
0,-18,-7,54,1,0,0,-18,-71,-17,7,33,0,1
0,-23,3,54,1,-1,0,-23,-70,-17,-3,33,0,2
0,-19,0,59,1,-1,-1,-17,-70,-17,0,33,0,2
0,-29,2,58,1,-1,-1,-26,-70,-17,-1,33,0,2
0,-19,4,70,1,-1,-1,-15,-70,-17,-3,33,0,2
0,-23,6,63,1,0,0,-20,-70,-17,-5,33,0,2
0,-29,6,74,2,-1,-1,-21,-70,-17,-4,33,0,2
0,-21,0,64,2,0,-1,-18,-70,-17,0,33,0,1
0,-20,-1,64,2,-1,-1,-17,-70,-17,0,33,0,1
0,-18,-6,57,2,0,-1,-17,-70,-17,6,33,0,1
0,-19,0,60,2,-1,-1,-17,-70,-17,0,33,0,1
0,-21,-2,50,2,-1,-1,-22,-70,-17,2,33,0,1
0,-18,2,61,3,0,-1,-16,-70,-17,-1,33,0,1
0,-20,5,57,3,0,-1,-19,-70,-17,-5,33,0,1
0,-26,2,67,3,-1,-1,-21,-69,-17,-1,33,0,1
0,-26,9,65,3,0,-1,-21,-69,-17,-7,33,0,1
0,-19,4,60,4,0,-1,-17,-69,-16,-3,33,0,1
0,-19,3,63,4,-1,-1,-16,-69,-16,-2,33,0,1
0,-17,0,62,3,-1,-1,-15,-69,-16,0,33,0,1
0,-14,-5,57,3,-1,-1,-13,-69,-16,5,33,0,1
0,-18,-1,57,2,-1,-1,-17,-69,-16,1,33,0,1
0,-17,-3,50,3,-1,-1,-18,-69,-16,3,33,0,1
0,-15,-5,51,3,-1,0,-16,-68,-16,5,33,0,1
0,-22,3,55,4,-1,-1,-21,-68,-16,-3,33,0,1
0,-22,2,56,3,-1,-1,-21,-68,-16,-2,33,0,1
0,-19,-2,63,3,-1,-1,-16,-68,-15,1,33,0,1
0,-25,3,62,3,-1,-1,-22,-68,-15,-2,33,0,1
0,-24,0,70,3,-1,-1,-19,-68,-15,0,33,0,1
0,-14,-3,64,3,0,-1,-12,-68,-15,2,33,0,1
0,-12,-2,69,2,0,-1,-9,-68,-15,1,33,0,1
0,-12,-3,65,3,0,-1,-10,-68,-15,2,33,0,1
0,-15,-3,56,3,-1,-1,-15,-67,-15,3,33,0,1
0,-18,-7,52,3,-1,-1,-19,-67,-15,7,33,0,1
0,-19,-4,48,3,-1,-1,-21,-67,-15,4,33,0,1
0,-15,-2,55,3,-1,-1,-15,-67,-15,2,33,0,1
0,-17,-3,55,2,0,-1,-17,-67,-14,3,33,0,1
0,-15,-2,65,3,-1,-1,-13,-67,-14,1,33,0,1
0,-19,-2,67,3,0,-1,-15,-67,-14,1,33,0,1
0,-18,3,68,3,-1,-1,-14,-67,-14,-2,33,0,1
0,-16,-1,73,3,0,-1,-12,-66,-14,0,33,0,1
0,-11,-6,64,3,-1,-1,-9,-66,-14,5,33,0,1
0,-12,-4,52,4,-1,-1,-13,-66,-14,4,33,1,1
0,-9,-5,57,4,-1,-1,-8,-66,-13,5,34,1,1
0,-11,-9,49,4,-1,-1,-12,-66,-13,10,34,1,1
0,-12,-4,60,4,-1,0,-11,-66,-13,3,34,1,1
0,-11,-2,62,4,0,-1,-10,-66,-13,1,34,1,1
0,-8,-2,62,4,0,-1,-7,-65,-12,1,34,1,1
0,-10,2,72,4,-1,0,-7,-65,-12,-1,34,1,1
0,-16,2,72,4,-1,-1,-12,-65,-12,-1,34,1,1
0,-13,-2,76,4,-1,-1,-9,-65,-12,1,34,1,1
0,-11,2,73,4,-1,-1,-8,-65,-11,-1,34,1,1
0,-10,1,75,3,-1,-1,-7,-65,-11,0,34,1,1
0,-3,-2,67,3,0,-1,-2,-65,-11,1,34,1,1
0,-5,3,68,3,-1,-1,-4,-64,-11,-2,34,1,1
0,-5,-2,67,3,0,0,-4,-64,-10,1,34,1,1
0,-5,-2,62,3,0,-1,-4,-64,-10,1,34,1,1
0,-10,2,67,2,-1,-1,-8,-64,-10,-1,34,1,1
0,-13,0,70,3,-1,-1,-10,-64,-10,0,34,1,1
0,-10,5,68,2,-1,-1,-8,-64,-10,-4,34,1,1
0,-14,5,76,2,-1,-1,-10,-64,-10,-3,34,1,1
0,-17,6,70,2,-1,-1,-13,-64,-10,-4,34,1,1
0,-15,-1,71,2,-1,-1,-11,-64,-10,0,34,1,1
0,-7,0,72,1,-1,0,-5,-64,-10,0,34,1,1
0,-6,-3,69,1,0,0,-4,-64,-9,2,34,1,1
0,-4,-4,64,0,-1,-1,-3,-64,-9,3,34,1,1
0,-5,-4,63,0,-1,0,-4,-64,-9,3,34,1,1
0,-6,-3,66,0,-1,-1,-5,-64,-9,2,34,1,1
0,-11,-4,54,-1,-1,-1,-11,-64,-9,4,34,1,1
0,-16,-4,53,-1,-1,-1,-16,-64,-9,4,34,1,1
0,-14,1,55,-1,-1,0,-14,-64,-9,-1,34,1,1
0,-15,3,66,-1,-1,0,-12,-64,-9,-2,34,1,1
0,-11,2,66,0,-1,0,-9,-64,-9,-1,34,1,1
0,-10,4,72,0,0,0,-7,-64,-9,-3,34,1,1
0,-15,0,69,0,-1,0,-12,-64,-9,0,34,1,1
0,-11,0,65,0,-1,-1,-9,-64,-9,0,34,1,1
0,-11,-2,64,1,-1,-1,-9,-64,-9,1,34,1,1
0,-10,-1,55,1,-1,-1,-10,-64,-9,1,34,1,1
0,-12,-3,55,2,-1,0,-12,-64,-9,3,34,1,1
0,-15,-8,51,2,-1,-1,-16,-63,-9,8,34,1,1
0,-12,3,60,2,-1,-1,-11,-63,-9,-2,34,1,1
0,-11,0,59,2,-1,0,-10,-63,-9,0,34,1,1
0,-6,0,62,2,-1,-1,-5,-63,-9,0,34,1,1
0,-13,-4,67,2,-1,-1,-11,-63,-9,3,34,1,1
0,-15,2,70,2,-1,-1,-12,-63,-9,-1,35,1,1
0,-11,1,70,1,-1,-1,-8,-63,-9,0,35,1,1
0,-16,-2,69,1,-1,-1,-13,-63,-9,1,35,1,1
0,-9,-3,65,2,-1,-1,-7,-63,-9,2,35,1,1
0,-7,-6,67,2,0,0,-5,-63,-9,5,35,1,1
0,-8,-5,53,2,-1,0,-8,-63,-9,5,35,1,1
0,-8,-7,60,2,0,-1,-7,-63,-8,6,35,1,1
0,-11,-8,53,2,-1,-1,-11,-63,-8,8,35,1,1
0,-9,-4,57,2,-1,-1,-8,-62,-8,4,35,2,1
0,-12,-4,61,2,-1,-1,-11,-62,-8,3,35,2,1
0,-9,0,59,2,-1,-1,-8,-62,-8,0,35,2,0
0,-8,0,64,2,0,-1,-7,-62,-8,0,35,2,0
0,-14,1,65,2,0,0,-12,-62,-8,0,35,1,0
0,-12,-1,66,2,0,-1,-10,-62,-8,0,35,1,0
0,-7,-3,66,3,-1,-1,-6,-62,-8,2,35,1,0
0,0,-4,68,3,-1,-1,0,-62,-8,3,35,2,0
0,0,-2,68,2,-1,-1,0,-62,-7,1,35,2,0
0,-2,-1,69,2,-1,-1,-1,-62,-7,0,35,2,0
0,-2,-4,63,1,-1,-1,-1,-62,-7,3,35,2,0
0,0,-1,67,0,-1,-1,0,-62,-7,0,35,2,0
0,-1,-1,70,0,-1,-1,0,-62,-7,0,35,2,0
0,-4,3,66,-1,0,0,-3,-62,-7,-2,35,1,0
0,-7,2,67,-2,0,0,-5,-62,-7,-1,35,1,0
0,-10,2,67,-2,-1,0,-8,-62,-7,-1,35,1,0
0,-10,4,70,-3,-1,-1,-8,-62,-7,-3,35,1,0
0,-9,3,67,-3,-1,-1,-7,-62,-7,-2,35,1,0
0,-8,5,71,-3,-1,-1,-6,-62,-7,-4,35,1,0
0,-10,-1,72,-4,0,-1,-7,-62,-7,0,35,1,0
0,-7,2,71,-4,-1,-1,-5,-62,-7,-1,35,1,0
0,-10,0,71,-5,-1,0,-8,-63,-8,0,35,1,0
0,-8,-2,70,-6,-1,0,-6,-63,-8,1,35,1,0
0,-6,-3,66,-5,-1,0,-5,-63,-8,2,35,1,0
0,-5,-4,59,-6,0,0,-4,-63,-8,3,35,1,0
0,-9,-5,51,-6,0,0,-10,-64,-8,5,35,1,0
0,-8,-5,52,-6,0,0,-8,-64,-8,5,35,1,1
0,-10,-6,49,-6,-1,0,-11,-64,-9,6,35,1,1
0,-9,-2,51,-6,-1,0,-10,-64,-9,2,35,1,1
0,-10,0,57,-6,0,-1,-9,-64,-9,0,35,1,1
0,-15,2,57,-6,0,0,-14,-65,-10,-2,35,1,1
0,-14,1,61,-7,0,0,-12,-65,-10,0,35,1,1
0,-14,1,65,-7,0,-1,-12,-65,-10,0,35,1,1
0,-14,2,70,-6,-1,0,-11,-65,-10,-1,35,1,1
0,-17,5,72,-6,0,0,-13,-66,-11,-3,35,1,1
0,-13,2,71,-6,0,0,-10,-66,-11,-1,35,1,1
0,-10,-2,64,-5,-1,-1,-8,-66,-11,1,35,1,1
0,-12,-3,57,-5,-1,0,-11,-66,-11,3,35,1,1
0,-14,-2,65,-5,-1,0,-12,-66,-11,1,35,1,1
0,-8,-4,57,-5,-1,-1,-7,-67,-11,4,35,1,1
0,-11,-2,57,-5,-1,0,-10,-67,-12,2,35,1,1
0,-13,-2,62,-5,0,0,-11,-67,-12,1,35,1,1
0,-13,-3,58,-5,0,0,-12,-67,-12,2,35,1,1
0,-14,-2,64,-4,-1,0,-12,-67,-12,1,35,1,1
0,-19,1,67,-4,-1,0,-15,-68,-12,0,36,1,1
0,-16,4,73,-3,-1,0,-12,-68,-12,-3,36,1,1
0,-17,1,72,-3,-1,0,-13,-68,-13,0,36,1,1
0,-12,-1,67,-3,0,-1,-10,-68,-13,0,36,1,1
0,-12,-6,68,-3,-1,-1,-10,-68,-13,5,36,1,1
0,-15,-3,61,-3,0,0,-13,-68,-13,2,36,1,1
0,-6,-4,66,-3,0,0,-5,-68,-13,3,36,1,1
0,-8,-7,61,-3,0,0,-7,-68,-13,6,36,1,1
0,-11,-4,60,-3,0,0,-10,-68,-13,3,36,1,1
0,-13,1,65,-3,-1,0,-11,-69,-13,0,36,1,1
0,-17,-2,66,-3,-1,-1,-14,-69,-13,1,36,1,1
0,-16,5,68,-3,-1,-1,-13,-69,-13,-4,36,1,1
0,-16,1,77,-3,-1,-1,-11,-69,-13,0,36,1,1
0,-16,6,75,-3,-1,0,-12,-69,-13,-4,36,1,1
0,-15,7,76,-2,0,0,-11,-69,-13,-5,36,1,1
0,-15,1,74,-2,-1,0,-11,-69,-13,0,36,1,1
0,-13,1,74,-2,0,0,-9,-69,-13,0,36,1,1
0,-13,0,69,-2,-1,-1,-10,-69,-13,0,36,1,1
0,-13,-1,71,-2,-1,-1,-10,-69,-13,0,36,1,1
0,-14,-3,61,-2,-1,-1,-12,-69,-13,2,36,1,1
0,-12,-3,61,-2,-1,-1,-11,-69,-13,2,36,1,1
0,-16,2,62,-2,-1,-1,-14,-70,-13,-1,36,1,1
0,-19,6,65,-1,0,0,-16,-70,-13,-5,36,1,1
0,-17,-1,74,-1,0,0,-12,-70,-13,0,36,1,1
0,-21,6,73,-1,0,0,-16,-70,-13,-4,36,1,1
0,-20,5,71,-1,-1,-1,-15,-70,-14,-4,36,1,1
0,-17,0,71,-1,-1,-1,-13,-70,-14,0,36,1,1
0,-13,-2,72,-1,-1,-1,-10,-70,-13,1,36,1,1
0,-11,-5,64,-1,-1,-1,-9,-70,-13,4,36,1,1
0,-15,1,63,-2,0,0,-13,-70,-13,0,36,1,1
0,-17,-3,52,-2,0,0,-18,-70,-14,3,36,1,1
0,-17,-7,49,-2,0,-1,-19,-70,-14,8,36,1,1
0,-19,-2,57,-1,-1,0,-18,-70,-14,2,36,1,1
0,-17,-1,57,0,-1,0,-16,-70,-14,1,36,1,1
0,-23,4,62,-1,0,-1,-20,-70,-14,-3,36,1,1
0,-23,-2,61,0,-1,-1,-20,-70,-14,1,36,1,1
0,-20,8,67,0,-1,0,-16,-70,-14,-6,36,1,1
0,-20,2,68,0,-1,-1,-16,-70,-14,-1,36,1,1
0,-18,1,62,0,-1,-1,-16,-70,-14,0,36,1,1
0,-19,-5,64,1,-1,0,-16,-70,-14,4,36,1,1
0,-13,-8,59,1,-1,0,-12,-70,-14,7,36,1,1
0,-18,-1,60,0,-1,0,-16,-70,-14,0,36,1,1
0,-16,-5,51,0,-1,-1,-17,-70,-14,5,36,1,1
0,-15,-4,48,0,-1,-1,-17,-70,-14,4,36,1,1
0,-19,1,55,0,-1,-1,-19,-70,-14,-1,36,1,1
0,-19,0,55,0,-1,-1,-19,-70,-14,0,36,1,1
0,-20,7,63,0,-1,-1,-17,-70,-15,-6,36,1,1
0,-19,2,62,1,0,0,-17,-70,-15,-1,36,1,1
0,-22,10,68,1,0,0,-18,-70,-15,-8,36,1,1
0,-13,4,66,1,0,-1,-11,-70,-14,-3,36,1,1
0,-16,-1,67,1,0,-1,-13,-70,-14,0,36,1,1
0,-13,-3,59,1,0,-1,-12,-70,-14,2,36,1,1
0,-14,-3,59,1,-1,-1,-13,-70,-14,2,37,1,1
0,-18,-1,55,1,-1,-1,-18,-70,-14,1,37,1,1
0,-18,-3,50,1,-1,-1,-19,-70,-14,3,37,1,1
0,-20,-1,56,1,0,0,-19,-70,-14,1,37,1,1
0,-19,0,58,2,0,-1,-18,-69,-14,0,37,1,1
0,-15,1,61,1,0,0,-13,-69,-14,0,37,1,1
0,-23,-2,67,2,-1,-1,-19,-69,-14,1,37,1,1
0,-20,6,68,2,-1,-1,-16,-69,-14,-5,37,1,1
0,-21,-3,70,1,-1,-1,-16,-69,-14,2,37,1,1
0,-16,-2,67,0,-1,-1,-13,-69,-14,1,37,1,1
0,-15,-3,69,1,-1,-1,-12,-69,-14,2,37,1,1
0,-13,-4,69,0,-1,-1,-10,-69,-14,3,37,1,1
0,-12,-4,58,0,-1,-1,-11,-69,-14,3,37,1,1
0,-16,-6,60,0,0,0,-14,-69,-14,5,37,1,1
0,-16,-6,53,0,0,0,-16,-69,-14,6,37,1,1
0,-14,-10,53,0,0,0,-14,-69,-14,10,37,1,1
0,-14,-3,56,1,-1,-1,-14,-69,-14,3,37,1,1
0,-20,-5,58,1,-1,-1,-19,-69,-14,4,37,1,1
0,-17,5,66,0,0,-1,-14,-69,-14,-4,37,1,1
0,-19,1,68,1,0,-1,-15,-69,-14,0,37,1,1
0,-19,0,67,1,-1,-1,-15,-69,-14,0,37,1,1
0,-13,-4,66,1,0,-1,-11,-69,-14,3,37,1,1
0,-9,-1,69,0,0,-1,-7,-69,-14,0,37,1,1
0,-13,-5,71,0,-1,0,-10,-69,-14,4,37,1,1
0,-9,-6,64,0,-1,-1,-8,-69,-13,5,37,1,1
0,-10,-1,61,-1,-1,0,-9,-69,-13,0,37,1,1
0,-13,-3,59,-1,-1,-1,-12,-69,-13,2,37,1,1
0,-10,-3,61,0,-1,-1,-9,-69,-13,2,37,1,1
0,-16,-1,70,0,-1,-1,-12,-69,-13,0,37,1,1
0,-14,3,68,0,0,0,-11,-69,-13,-2,37,1,1
0,-13,1,75,0,0,0,-9,-69,-13,0,37,1,1
0,-18,4,75,1,0,0,-13,-69,-13,-3,37,1,1
0,-13,2,75,1,-1,0,-9,-69,-13,-1,37,1,1
0,-11,-2,75,0,-1,-1,-8,-69,-13,1,37,1,1
0,-9,0,79,-1,-1,-1,-6,-69,-13,0,37,1,1
0,-9,-2,72,-1,-1,-1,-7,-69,-13,1,37,1,1
0,-12,0,65,-1,0,0,-10,-69,-13,0,37,1,1
0,-11,2,63,-2,-1,0,-9,-69,-13,-1,37,1,1
0,-10,-1,62,-2,0,-1,-9,-69,-13,0,37,1,1
0,-10,-4,61,-2,0,0,-9,-69,-13,3,37,1,1
0,-15,1,64,-2,0,0,-13,-69,-13,0,37,1,1
0,-17,2,65,-1,0,0,-14,-69,-13,-1,37,1,1
0,-19,8,67,-1,-1,-1,-15,-69,-13,-6,37,1,1
0,-15,2,74,-1,-1,-1,-11,-69,-13,-1,37,1,1
0,-21,5,74,-1,-1,-1,-15,-69,-13,-3,37,1,1
0,-15,3,77,-1,-1,-1,-11,-70,-13,-2,37,1,1
0,-11,3,77,-1,-1,0,-8,-70,-13,-2,37,1,1
0,-14,1,70,-1,0,0,-11,-70,-13,0,37,1,1
0,-13,-1,67,-2,0,0,-11,-70,-13,0,37,1,1
0,-13,-2,58,-2,-1,0,-12,-70,-13,1,37,1,1
0,-13,-3,59,-2,-1,-1,-12,-70,-13,2,37,1,1
0,-11,-6,51,-2,-1,-1,-12,-70,-13,6,37,1,1
0,-15,0,52,-2,-1,-1,-16,-70,-13,0,37,1,1
0,-19,-3,60,-2,-1,0,-17,-70,-13,2,37,1,1
0,-16,-2,53,-2,0,-1,-16,-70,-13,2,37,1,1
0,-21,3,63,-2,0,-1,-18,-70,-13,-2,37,1,1
0,-21,1,71,-1,0,0,-16,-70,-14,0,37,1,1
0,-15,3,65,-1,0,0,-13,-70,-14,-2,37,1,1
0,-17,-1,61,-1,0,-1,-15,-70,-14,0,37,1,1
0,-16,-2,63,-1,-1,-1,-14,-70,-14,1,38,1,1
0,-16,-4,55,-1,-1,-1,-16,-70,-14,4,38,1,1
0,-14,-4,53,-1,-1,-1,-14,-70,-14,4,38,1,1
0,-19,-6,48,-1,0,0,-21,-70,-14,7,38,1,1
0,-15,-3,51,0,-1,0,-16,-70,-14,3,38,1,1
0,-20,-1,58,0,0,0,-19,-70,-14,0,38,1,1
0,-16,2,53,0,0,0,-16,-70,-14,-2,38,1,1
0,-19,2,67,0,-1,-1,-15,-70,-14,-1,38,1,1
0,-21,4,65,1,-1,0,-17,-70,-14,-3,38,1,1
0,-14,0,69,1,-1,-1,-11,-70,-14,0,38,1,1
0,-14,7,65,1,-1,-1,-12,-70,-14,-6,38,1,1
0,-15,-3,66,1,-1,-1,-12,-70,-14,2,38,1,1
0,-14,-4,58,1,-1,-1,-13,-70,-14,3,38,1,1
0,-15,-4,55,0,0,0,-15,-70,-14,4,38,1,1
0,-12,-4,56,0,0,0,-12,-70,-14,4,38,1,1
0,-14,-7,47,0,0,-1,-16,-70,-14,8,38,1,1
0,-10,-2,53,0,-1,-1,-10,-70,-14,2,38,1,1
0,-19,1,62,-1,-1,-1,-17,-70,-14,0,38,1,1
0,-20,4,57,0,-1,-1,-19,-70,-14,-4,38,1,1
0,-17,1,67,-1,-1,-1,-14,-70,-14,0,38,1,1
0,-22,-3,68,0,0,0,-18,-70,-14,2,38,1,1
0,-19,7,73,0,0,0,-14,-70,-14,-5,38,1,1
0,-17,0,72,0,0,0,-13,-70,-14,0,38,1,1
0,-16,-4,66,0,-1,-1,-13,-70,-14,3,38,1,1
0,-12,-9,66,0,-1,0,-10,-70,-14,7,38,1,1
0,-9,-3,55,0,-1,-1,-9,-70,-14,3,38,1,1
0,-10,-4,50,0,-1,-1,-11,-70,-14,4,38,1,1
0,-9,-1,57,0,-1,-1,-8,-70,-14,1,38,1,1
0,-14,-1,60,-1,-1,0,-13,-70,-14,0,38,1,1
0,-15,-3,62,-1,-1,-1,-13,-70,-14,2,38,1,1
0,-14,2,71,0,0,0,-11,-70,-14,-1,38,1,1
1,-17,-3,72,0,-1,0,-13,-70,-14,2,38,1,1
